Protocollo;Gruppo;DataOraIncidente;Localizzazione1;STRADA1;Localizzazione2;STRADA2;Strada02;Chilometrica;DaSpecificare;NaturaIncidente;particolaritastrade;TipoStrada;FondoStradale;Pavimentazione;Segnaletica;CondizioneAtmosferica;Traffico;Visibilita;Illuminazione;NUM_FERITI;NUM_RISERVATA;NUM_MORTI;NUM_ILLESI;Longitudine;Latitudine;Confermato;Progressivo;TipoVeicolo;StatoVeicolo;TipoPersona;Sesso;Tipolesione;Deceduto;DecedutoDopo;CinturaCascoUtilizzato;Airbag
2723479;5;04/03/2016 14:40;Strada Urbana;NUOVA CIRCONVALLAZIONE INTERNA;da specificare;;;;direzione S. GIOVANNI uscita galleria;Tamponamento Multiplo;Rettilineo;Due carreggiate;Asciutto;Asfaltata;Orizzontale;Sereno;Intenso;Buona;Ore Diurne;5;0;0;2;12,53381;41,90786;-1;3;Autovettura privata;In marcia / fermata / arresto;Conducente;F;Illeso;0;;Non accertato;Inesploso
2723483;5;04/03/2016 14:45;Strada Urbana;VIA FILIPPO MEDA;all'intersezione con;VIA DELLE CAVE DI PIETRALATA;VIA DELLE CAVE DI PIETRALATA;;;Scontro frontale/laterale DX fra veicoli in marcia;Incrocio;Una carreggiata a doppio senso;Asciutto;Asfaltata;Verticale;Sereno;Normale;Buona;Ore Diurne;1;0;0;3;12,53993;41,9128;-1;1;Autovettura privata;In marcia / fermata / arresto;Conducente;F;Illeso;0;;Non accertato;Inesploso
2723483;5;04/03/2016 14:45;Strada Urbana;VIA FILIPPO MEDA;all'intersezione con;VIA DELLE CAVE DI PIETRALATA;VIA DELLE CAVE DI PIETRALATA;;;Scontro frontale/laterale DX fra veicoli in marcia;Incrocio;Una carreggiata a doppio senso;Asciutto;Asfaltata;Verticale;Sereno;Normale;Buona;Ore Diurne;1;0;0;3;12,53993;41,9128;-1;1;Autovettura privata;In marcia / fermata / arresto;Passeggero;F;Rimandato;0;NON DECEDUTO;Non accertato;Inesploso
2723483;5;04/03/2016 14:45;Strada Urbana;VIA FILIPPO MEDA;all'intersezione con;VIA DELLE CAVE DI PIETRALATA;VIA DELLE CAVE DI PIETRALATA;;;Scontro frontale/laterale DX fra veicoli in marcia;Incrocio;Una carreggiata a doppio senso;Asciutto;Asfaltata;Verticale;Sereno;Normale;Buona;Ore Diurne;1;0;0;3;12,53993;41,9128;-1;2;Autovettura privata;In marcia / fermata / arresto;Conducente;F;Illeso;0;;Non accertato;Inesploso
2723483;5;04/03/2016 14:45;Strada Urbana;VIA FILIPPO MEDA;all'intersezione con;VIA DELLE CAVE DI PIETRALATA;VIA DELLE CAVE DI PIETRALATA;;;Scontro frontale/laterale DX fra veicoli in marcia;Incrocio;Una carreggiata a doppio senso;Asciutto;Asfaltata;Verticale;Sereno;Normale;Buona;Ore Diurne;1;0;0;3;12,53993;41,9128;-1;2;Autovettura privata;In marcia / fermata / arresto;Passeggero;F;Illeso;0;;Non accertato;Inesploso
2723495;5;05/03/2016 11:10;Strada Urbana;PIAZZA RICCARDO BALSAMO CRIVELLI;da specificare;;;;altezza Via Spellanzon;Scontro laterale fra veicoli in marcia;Rettilineo;Due carreggiate;Asciutto;Asfaltata;Verticale ed orizzontale;Nuvoloso;Scarso;Buona;Ore Diurne;0;0;0;2;12,55327;41,90562;-1;1;Autovettura privata;In marcia / fermata / arresto;Conducente;M;Illeso;0;;Non accertato;
2723495;5;05/03/2016 11:10;Strada Urbana;PIAZZA RICCARDO BALSAMO CRIVELLI;da specificare;;;;altezza Via Spellanzon;Scontro laterale fra veicoli in marcia;Rettilineo;Due carreggiate;Asciutto;Asfaltata;Verticale ed orizzontale;Nuvoloso;Scarso;Buona;Ore Diurne;0;0;0;2;12,55327;41,90562;-1;2;Autovettura privata;In marcia / fermata / arresto;Conducente;M;Illeso;0;;Non accertato;
2723497;5;06/03/2016 06:25;Strada Urbana;VIA TIBURTINA;da specificare;;;;altezza Via Sibilla Tiburtina;Veicolo in marcia contro ostacolo fisso;Rettilineo;Una carreggiata a doppio senso;Bagnato (umidità in atto);Asfaltata;Verticale ed orizzontale;Nuvoloso;Scarso;Sufficiente;Ore Diurne;0;0;1;0;12,63486;41,9406;-1;1;Autovettura privata;In marcia / fermata / arresto;Conducente;M;Prognosi riservata;0;DECEDUTO ENTRO IL QUARTO GIORNO;Non accertato;
2723503;5;06/03/2016 08:40;Strada Urbana;VIA DEI MONTI TIBURTINI;da specificare;;;;altezza Ponte Lanciani;Veicolo in marcia contro ostacolo fisso;Rettilineo;Due carreggiate;Asciutto;Asfaltata;Verticale ed orizzontale;Nuvoloso;Normale;Buona;Ore Diurne;0;0;0;1;12,52792;41,92146;-1;1;Autovettura privata;In marcia / fermata / arresto;Conducente;M;Illeso;0;;Non accertato;
2723507;5;06/03/2016 15:30;Strada Urbana;VIA TIBURTINA;all'intersezione con;VIA DELLE CAVE DI PIETRALATA;VIA DELLE CAVE DI PIETRALATA;;;Scontro frontale/laterale DX fra veicoli in marcia;Incrocio;Due carreggiate;Asciutto;Asfaltata;Temporanea di cantiere;Nuvoloso;Normale;Buona;Ore Diurne;1;0;0;2;12,53651;41,90846;-1;1;Autovettura privata;In marcia / fermata / arresto;Conducente;M;Illeso;0;;Non accertato;Inesploso
2723507;5;06/03/2016 15:30;Strada Urbana;VIA TIBURTINA;all'intersezione con;VIA DELLE CAVE DI PIETRALATA;VIA DELLE CAVE DI PIETRALATA;;;Scontro frontale/laterale DX fra veicoli in marcia;Incrocio;Due carreggiate;Asciutto;Asfaltata;Temporanea di cantiere;Nuvoloso;Normale;Buona;Ore Diurne;1;0;0;2;12,53651;41,90846;-1;2;Motociclo a solo;In marcia / fermata / arresto;Conducente;M;Rimandato;0;NON DECEDUTO;Non accertato;
2723507;5;06/03/2016 15:30;Strada Urbana;VIA TIBURTINA;all'intersezione con;VIA DELLE CAVE DI PIETRALATA;VIA DELLE CAVE DI PIETRALATA;;;Scontro frontale/laterale DX fra veicoli in marcia;Incrocio;Due carreggiate;Asciutto;Asfaltata;Temporanea di cantiere;Nuvoloso;Normale;Buona;Ore Diurne;1;0;0;2;12,53651;41,90846;-1;2;Motociclo a solo;In marcia / fermata / arresto;Passeggero;M;Illeso;0;;Non accertato;
2723514;5;06/03/2016 16:00;Strada Urbana;VIA DEI MONTI DI PIETRALATA;all'intersezione con;VIA EUGENIO TORELLI VIOLLIER;VIA EUGENIO TORELLI VIOLLIER;;;Scontro laterale fra veicoli in marcia;Incrocio;Una carreggiata a doppio senso;Asciutto;Asfaltata;Verticale ed orizzontale;Nuvoloso;Normale;Buona;Ore Diurne;0;0;0;6;12,53788;41,91051;-1;1;Autovettura privata;In marcia / fermata / arresto;Conducente;M;Illeso;0;;Non accertato;
2723514;5;06/03/2016 16:00;Strada Urbana;VIA DEI MONTI DI PIETRALATA;all'intersezione con;VIA EUGENIO TORELLI VIOLLIER;VIA EUGENIO TORELLI VIOLLIER;;;Scontro laterale fra veicoli in marcia;Incrocio;Una carreggiata a doppio senso;Asciutto;Asfaltata;Verticale ed orizzontale;Nuvoloso;Normale;Buona;Ore Diurne;0;0;0;6;12,53788;41,91051;-1;1;Autovettura privata;In marcia / fermata / arresto;Passeggero;F;Illeso;0;;Non accertato;
2723514;5;06/03/2016 16:00;Strada Urbana;VIA DEI MONTI DI PIETRALATA;all'intersezione con;VIA EUGENIO TORELLI VIOLLIER;VIA EUGENIO TORELLI VIOLLIER;;;Scontro laterale fra veicoli in marcia;Incrocio;Una carreggiata a doppio senso;Asciutto;Asfaltata;Verticale ed orizzontale;Nuvoloso;Normale;Buona;Ore Diurne;0;0;0;6;12,53788;41,91051;-1;2;Autovettura privata;In marcia / fermata / arresto;Conducente;F;Illeso;0;;Non accertato;
2723514;5;06/03/2016 16:00;Strada Urbana;VIA DEI MONTI DI PIETRALATA;all'intersezione con;VIA EUGENIO TORELLI VIOLLIER;VIA EUGENIO TORELLI VIOLLIER;;;Scontro laterale fra veicoli in marcia;Incrocio;Una carreggiata a doppio senso;Asciutto;Asfaltata;Verticale ed orizzontale;Nuvoloso;Normale;Buona;Ore Diurne;0;0;0;6;12,53788;41,91051;-1;2;Autovettura privata;In marcia / fermata / arresto;Passeggero;F;Illeso;0;;Non accertato;
2723514;5;06/03/2016 16:00;Strada Urbana;VIA DEI MONTI DI PIETRALATA;all'intersezione con;VIA EUGENIO TORELLI VIOLLIER;VIA EUGENIO TORELLI VIOLLIER;;;Scontro laterale fra veicoli in marcia;Incrocio;Una carreggiata a doppio senso;Asciutto;Asfaltata;Verticale ed orizzontale;Nuvoloso;Normale;Buona;Ore Diurne;0;0;0;6;12,53788;41,91051;-1;3;Autovettura privata;In marcia / fermata / arresto;Conducente;M;Illeso;0;;Non accertato;
2723514;5;06/03/2016 16:00;Strada Urbana;VIA DEI MONTI DI PIETRALATA;all'intersezione con;VIA EUGENIO TORELLI VIOLLIER;VIA EUGENIO TORELLI VIOLLIER;;;Scontro laterale fra veicoli in marcia;Incrocio;Una carreggiata a doppio senso;Asciutto;Asfaltata;Verticale ed orizzontale;Nuvoloso;Normale;Buona;Ore Diurne;0;0;0;6;12,53788;41,91051;-1;3;Autovettura privata;In marcia / fermata / arresto;Passeggero;F;Illeso;0;;Non accertato;
2723591;5;06/03/2016 20:30;Strada Urbana;VIA MAIOLATI;da specificare;;;;fronte civico 32;Scontro laterale fra veicoli in marcia;Rettilineo;Una carreggiata a doppio senso;Bagnato (pioggia);Asfaltata;Assente;Pioggia in atto;Scarso;Sufficiente;Sufficiente;2;0;0;1;12,58355;41,93724;-1;1;Autovettura privata;In marcia / fermata / arresto;Conducente;M;Illeso;0;;Non accertato;Inesploso
2723591;5;06/03/2016 20:30;Strada Urbana;VIA MAIOLATI;da specificare;;;;fronte civico 32;Scontro laterale fra veicoli in marcia;Rettilineo;Una carreggiata a doppio senso;Bagnato (pioggia);Asfaltata;Assente;Pioggia in atto;Scarso;Sufficiente;Sufficiente;2;0;0;1;12,58355;41,93724;-1;2;Motociclo a solo;In marcia / fermata / arresto;Conducente;M;Rimandato;0;NON DECEDUTO;Non accertato;
2723591;5;06/03/2016 20:30;Strada Urbana;VIA MAIOLATI;da specificare;;;;fronte civico 32;Scontro laterale fra veicoli in marcia;Rettilineo;Una carreggiata a doppio senso;Bagnato (pioggia);Asfaltata;Assente;Pioggia in atto;Scarso;Sufficiente;Sufficiente;2;0;0;1;12,58355;41,93724;-1;2;Motociclo a solo;In marcia / fermata / arresto;Passeggero;M;Rimandato;0;NON DECEDUTO;Non accertato;
2723595;5;06/03/2016 22:30;Strada Urbana;VIA PIETRO OTTOBONI;all'intersezione semaforizzata con;VIA TIBURTINA;VIA TIBURTINA;;;Scontro frontale/laterale SX fra veicoli in marcia;Incrocio;Una carreggiata a senso unico di marcia;Bagnato (umidità in atto);Asfaltata;Verticale ed orizzontale;Nuvoloso;Scarso;Buona;Sufficiente;0;0;0;3;12,53975;41,90841;-1;1;Autovettura privata;In marcia / fermata / arresto;Conducente;M;Illeso;0;;Non accertato;
2723595;5;06/03/2016 22:30;Strada Urbana;VIA PIETRO OTTOBONI;all'intersezione semaforizzata con;VIA TIBURTINA;VIA TIBURTINA;;;Scontro frontale/laterale SX fra veicoli in marcia;Incrocio;Una carreggiata a senso unico di marcia;Bagnato (umidità in atto);Asfaltata;Verticale ed orizzontale;Nuvoloso;Scarso;Buona;Sufficiente;0;0;0;3;12,53975;41,90841;-1;2;Autovettura privata;In marcia / fermata / arresto;Conducente;M;Illeso;0;;Non accertato;
2723595;5;06/03/2016 22:30;Strada Urbana;VIA PIETRO OTTOBONI;all'intersezione semaforizzata con;VIA TIBURTINA;VIA TIBURTINA;;;Scontro frontale/laterale SX fra veicoli in marcia;Incrocio;Una carreggiata a senso unico di marcia;Bagnato (umidità in atto);Asfaltata;Verticale ed orizzontale;Nuvoloso;Scarso;Buona;Sufficiente;0;0;0;3;12,53975;41,90841;-1;2;Autovettura privata;In marcia / fermata / arresto;Passeggero;F;Illeso;0;;Non accertato;
2723658;11;06/03/2016 00:15;Strada Urbana;LUNGOTEVERE DEGLI INVENTORI;da specificare;;;;fronte civico 54;Scontro laterale fra veicoli in marcia;Rettilineo;Una carreggiata a doppio senso;Bagnato (pioggia);Asfaltata;Verticale ed orizzontale;Nuvoloso;Scarso;Buona;Sufficiente;0;0;0;4;12,46711;41,86114;-1;1;Autovettura privata;In marcia / fermata / arresto;Conducente;M;Illeso;0;;;
2723658;11;06/03/2016 00:15;Strada Urbana;LUNGOTEVERE DEGLI INVENTORI;da specificare;;;;fronte civico 54;Scontro laterale fra veicoli in marcia;Rettilineo;Una carreggiata a doppio senso;Bagnato (pioggia);Asfaltata;Verticale ed orizzontale;Nuvoloso;Scarso;Buona;Sufficiente;0;0;0;4;12,46711;41,86114;-1;2;Autovettura privata;In marcia / fermata / arresto;Conducente;M;Illeso;0;;;
2723658;11;06/03/2016 00:15;Strada Urbana;LUNGOTEVERE DEGLI INVENTORI;da specificare;;;;fronte civico 54;Scontro laterale fra veicoli in marcia;Rettilineo;Una carreggiata a doppio senso;Bagnato (pioggia);Asfaltata;Verticale ed orizzontale;Nuvoloso;Scarso;Buona;Sufficiente;0;0;0;4;12,46711;41,86114;-1;2;Autovettura privata;In marcia / fermata / arresto;Passeggero;M;Illeso;0;;;
2723658;11;06/03/2016 00:15;Strada Urbana;LUNGOTEVERE DEGLI INVENTORI;da specificare;;;;fronte civico 54;Scontro laterale fra veicoli in marcia;Rettilineo;Una carreggiata a doppio senso;Bagnato (pioggia);Asfaltata;Verticale ed orizzontale;Nuvoloso;Scarso;Buona;Sufficiente;0;0;0;4;12,46711;41,86114;-1;2;Autovettura privata;In marcia / fermata / arresto;Passeggero;M;Illeso;0;;;
2723669;15;04/03/2016 11:30;Strada Urbana;VIADOTTO DELLA MAGLIANA;da specificare;;;;altezza Via del Cappellaccio dir Eur;Scontro laterale fra veicoli in marcia;Rettilineo;Due carreggiate;Asciutto;Asfaltata;Orizzontale;Sereno;Normale;Buona;Ore Diurne;1;0;0;1;12,46325;41,84187;-1;1;Autovettura privata;In marcia / fermata / arresto;Conducente;F;Rimandato;0;NON DECEDUTO;Utilizzato;
2723669;15;04/03/2016 11:30;Strada Urbana;VIADOTTO DELLA MAGLIANA;da specificare;;;;altezza Via del Cappellaccio dir Eur;Scontro laterale fra veicoli in marcia;Rettilineo;Due carreggiate;Asciutto;Asfaltata;Orizzontale;Sereno;Normale;Buona;Ore Diurne;1;0;0;1;12,46325;41,84187;-1;2;Autovettura privata;In marcia / fermata / arresto;Conducente;M;Illeso;0;;Utilizzato;
2723675;10;06/03/2016 08:30;Strada Urbana;VIA ANAGNINA;da specificare;;;;svincolo per VIA TUSCOLANA;Veicolo in marcia contro ostacolo fisso;Curva a visuale libera;Una carreggiata a senso unico di marcia;Bagnato (pioggia);Asfaltata;Verticale ed orizzontale;Nuvoloso;Normale;Buona;Ore Diurne;0;0;0;1;12,5918;41,83961;-1;1;Autovettura privata;In marcia / fermata / arresto;Conducente;M;Illeso;0;;Non accertato;Inesistente
2723679;15;04/03/2016 10:00;Comunale extraurbana;VIA PORTUENSE;da specificare;;;;dopo circa 100 mt via Eiffel;Scontro laterale fra veicoli in marcia;Rettilineo;Una carreggiata a doppio senso;Asciutto;Asfaltata;Verticale ed orizzontale;Sereno;Normale;Buona;Ore Diurne;0;0;0;2;12,40939;41,84342;-1;1;Autovettura privata;In marcia / fermata / arresto;Conducente;M;Illeso;0;;;
2723679;15;04/03/2016 10:00;Comunale extraurbana;VIA PORTUENSE;da specificare;;;;dopo circa 100 mt via Eiffel;Scontro laterale fra veicoli in marcia;Rettilineo;Una carreggiata a doppio senso;Asciutto;Asfaltata;Verticale ed orizzontale;Sereno;Normale;Buona;Ore Diurne;0;0;0;2;12,40939;41,84342;-1;2;Autovettura privata;In marcia / fermata / arresto;Conducente;M;Illeso;0;;;
2723681;10;06/03/2016 08:31;Provinciale entro l'abitato;VIA ANAGNINA;da specificare;;;;svincolo per VIA TUSCOLANA;Veicolo in marcia contro veicolo fermo;Curva a visuale libera;Una carreggiata a senso unico di marcia;Bagnato (pioggia);Asfaltata;Verticale ed orizzontale;Nuvoloso;Normale;Buona;Ore Diurne;0;0;0;3;12,59178;41,83959;-1;1;Autovettura privata;In marcia / fermata / arresto;Conducente;M;Illeso;0;;Non accertato;Inesploso
2723681;10;06/03/2016 08:31;Provinciale entro l'abitato;VIA ANAGNINA;da specificare;;;;svincolo per VIA TUSCOLANA;Veicolo in marcia contro veicolo fermo;Curva a visuale libera;Una carreggiata a senso unico di marcia;Bagnato (pioggia);Asfaltata;Verticale ed orizzontale;Nuvoloso;Normale;Buona;Ore Diurne;0;0;0;3;12,59178;41,83959;-1;1;Autovettura privata;In marcia / fermata / arresto;Passeggero;F;Illeso;0;;Non accertato;Inesploso
2723681;10;06/03/2016 08:31;Provinciale entro l'abitato;VIA ANAGNINA;da specificare;;;;svincolo per VIA TUSCOLANA;Veicolo in marcia contro veicolo fermo;Curva a visuale libera;Una carreggiata a senso unico di marcia;Bagnato (pioggia);Asfaltata;Verticale ed orizzontale;Nuvoloso;Normale;Buona;Ore Diurne;0;0;0;3;12,59178;41,83959;-1;2;Autovettura privata;In marcia / fermata / arresto;Conducente;M;Illeso;0;;Non accertato;Inesistente
2723687;15;04/03/2016 11:15;Strada Urbana;VIA DELLA MAGLIANA;all'intersezione con;VIA LUIGI RAVA;VIA LUIGI RAVA;;;Scontro frontale/laterale SX fra veicoli in marcia;Intersezione stradale segnalata;Una carreggiata a doppio senso;Asciutto;Asfaltata;Orizzontale;Sereno;Normale;Buona;Ore Diurne;1;0;0;3;12,42401;41,83394;-1;1;Motociclo a solo;In marcia / fermata / arresto;Conducente;M;Rimandato;0;NON DECEDUTO;Utilizzato;
2723687;15;04/03/2016 11:15;Strada Urbana;VIA DELLA MAGLIANA;all'intersezione con;VIA LUIGI RAVA;VIA LUIGI RAVA;;;Scontro frontale/laterale SX fra veicoli in marcia;Intersezione stradale segnalata;Una carreggiata a doppio senso;Asciutto;Asfaltata;Orizzontale;Sereno;Normale;Buona;Ore Diurne;1;0;0;3;12,42401;41,83394;-1;2;Autovettura privata;In marcia / fermata / arresto;Conducente;M;Illeso;0;;Utilizzato;
2723687;15;04/03/2016 11:15;Strada Urbana;VIA DELLA MAGLIANA;all'intersezione con;VIA LUIGI RAVA;VIA LUIGI RAVA;;;Scontro frontale/laterale SX fra veicoli in marcia;Intersezione stradale segnalata;Una carreggiata a doppio senso;Asciutto;Asfaltata;Orizzontale;Sereno;Normale;Buona;Ore Diurne;1;0;0;3;12,42401;41,83394;-1;2;Autovettura privata;In marcia / fermata / arresto;Passeggero;M;Illeso;0;;Utilizzato;
2723687;15;04/03/2016 11:15;Strada Urbana;VIA DELLA MAGLIANA;all'intersezione con;VIA LUIGI RAVA;VIA LUIGI RAVA;;;Scontro frontale/laterale SX fra veicoli in marcia;Intersezione stradale segnalata;Una carreggiata a doppio senso;Asciutto;Asfaltata;Orizzontale;Sereno;Normale;Buona;Ore Diurne;1;0;0;3;12,42401;41,83394;-1;2;Autovettura privata;In marcia / fermata / arresto;Passeggero;M;Illeso;0;;Utilizzato;
2723688;10;06/03/2016 11:40;Strada Urbana;VIA SANDRO PENNA;all'intersezione con;VIA GIOVANNI CENSORI;VIA GIOVANNI CENSORI;;;Investimento di pedone;Incrocio;Una carreggiata a doppio senso;Asciutto;Asfaltata;Verticale ed orizzontale;Sereno;Normale;Buona;Ore Diurne;1;0;0;3;12,63141;41,83929;-1;;;;Pedone;M;Rimandato;0;NON DECEDUTO;;
2723688;10;06/03/2016 11:40;Strada Urbana;VIA SANDRO PENNA;all'intersezione con;VIA GIOVANNI CENSORI;VIA GIOVANNI CENSORI;;;Investimento di pedone;Incrocio;Una carreggiata a doppio senso;Asciutto;Asfaltata;Verticale ed orizzontale;Sereno;Normale;Buona;Ore Diurne;1;0;0;3;12,63141;41,83929;-1;1;Autovettura privata;In marcia / fermata / arresto;Conducente;M;Illeso;0;;Non accertato;Inesploso
2723688;10;06/03/2016 11:40;Strada Urbana;VIA SANDRO PENNA;all'intersezione con;VIA GIOVANNI CENSORI;VIA GIOVANNI CENSORI;;;Investimento di pedone;Incrocio;Una carreggiata a doppio senso;Asciutto;Asfaltata;Verticale ed orizzontale;Sereno;Normale;Buona;Ore Diurne;1;0;0;3;12,63141;41,83929;-1;1;Autovettura privata;In marcia / fermata / arresto;Passeggero;F;Illeso;0;;Non accertato;Inesploso
2723688;10;06/03/2016 11:40;Strada Urbana;VIA SANDRO PENNA;all'intersezione con;VIA GIOVANNI CENSORI;VIA GIOVANNI CENSORI;;;Investimento di pedone;Incrocio;Una carreggiata a doppio senso;Asciutto;Asfaltata;Verticale ed orizzontale;Sereno;Normale;Buona;Ore Diurne;1;0;0;3;12,63141;41,83929;-1;1;Autovettura privata;In marcia / fermata / arresto;Passeggero;F;Illeso;0;;Non accertato;Inesploso
2723689;11;06/03/2016 09:00;Strada Urbana;VIALE GUGLIELMO MASSAIA;da specificare;;;;prossimità civico 39;Veicolo in marcia contro veicolo in sosta;Rettilineo;Una carreggiata a doppio senso;Asciutto;Asfaltata;Verticale ed orizzontale;Sereno;Normale;Buona;Ore Diurne;0;0;0;2;12,49332;41,862;-1;1;Autovettura privata;In marcia / fermata / arresto;Conducente;M;Illeso;0;;Non accertato;Inesploso
2723689;11;06/03/2016 09:00;Strada Urbana;VIALE GUGLIELMO MASSAIA;da specificare;;;;prossimità civico 39;Veicolo in marcia contro veicolo in sosta;Rettilineo;Una carreggiata a doppio senso;Asciutto;Asfaltata;Verticale ed orizzontale;Sereno;Normale;Buona;Ore Diurne;0;0;0;2;12,49332;41,862;-1;3;Autovettura privata;In marcia / fermata / arresto;Conducente;M;Illeso;0;;Non accertato;Inesploso
2723692;10;06/03/2016 16:10;Strada Urbana;CIRCONVALLAZIONE ORIENTALE;in prossimità;;del civico n.;4721;;Tamponamento;Rettilineo;Una carreggiata a senso unico di marcia;Asciutto;Asfaltata;Orizzontale;Nuvoloso;Normale;Buona;Ore Diurne;2;0;0;1;12,58273;41,82537;-1;1;Autovettura privata;In marcia / fermata / arresto;Conducente;F;Rimandato;0;NON DECEDUTO;Non accertato;Inesploso
2723692;10;06/03/2016 16:10;Strada Urbana;CIRCONVALLAZIONE ORIENTALE;in prossimità;;del civico n.;4721;;Tamponamento;Rettilineo;Una carreggiata a senso unico di marcia;Asciutto;Asfaltata;Orizzontale;Nuvoloso;Normale;Buona;Ore Diurne;2;0;0;1;12,58273;41,82537;-1;1;Autovettura privata;In marcia / fermata / arresto;Passeggero;F;Rimandato;0;NON DECEDUTO;Non accertato;Inesploso
2723692;10;06/03/2016 16:10;Strada Urbana;CIRCONVALLAZIONE ORIENTALE;in prossimità;;del civico n.;4721;;Tamponamento;Rettilineo;Una carreggiata a senso unico di marcia;Asciutto;Asfaltata;Orizzontale;Nuvoloso;Normale;Buona;Ore Diurne;2;0;0;1;12,58273;41,82537;-1;2;Autovettura privata;In marcia / fermata / arresto;Conducente;M;Illeso;0;;Non accertato;Inesploso
2723717;15;06/03/2016 05:10;Strada Urbana;VIA DI POZZO PANTALEO;in corrispondenza;;del civico n.;6;;Veicolo in marcia contro veicoli in sosta;Rettilineo;Una carreggiata a senso unico di marcia;Bagnato (pioggia);Asfaltata;Verticale ed orizzontale;Nuvoloso;Scarso;Buona;Sufficiente;1;0;0;0;12,46496;41,86576;-1;1;Autovettura privata;In marcia / fermata / arresto;Conducente;F;Rimandato;0;NON DECEDUTO;Non accertato;Inesploso
2723719;7;04/03/2016 21:00;Strada Urbana;VIA DEI CASTANI;all'intersezione semaforizzata con;VIA DELLE ACACIE;VIA DELLE ACACIE;;;Scontro frontale/laterale DX fra veicoli in marcia;Intersezione semaforizzata;Una carreggiata a doppio senso;Asciutto;Asfaltata;Verticale ed orizzontale;Sereno;Scarso;Sufficiente;Sufficiente;1;0;0;1;12,5656;41,8877;-1;1;Autovettura privata;In marcia / fermata / arresto;Conducente;M;Illeso;0;;Non accertato;Inesploso
2723719;7;04/03/2016 21:00;Strada Urbana;VIA DEI CASTANI;all'intersezione semaforizzata con;VIA DELLE ACACIE;VIA DELLE ACACIE;;;Scontro frontale/laterale DX fra veicoli in marcia;Intersezione semaforizzata;Una carreggiata a doppio senso;Asciutto;Asfaltata;Verticale ed orizzontale;Sereno;Scarso;Sufficiente;Sufficiente;1;0;0;1;12,5656;41,8877;-1;2;Ciclomotore;In marcia / fermata / arresto;Conducente;M;Rimandato;0;NON DECEDUTO;Non accertato;
2723731;9;05/03/2016 12:15;Strada Urbana;VIALE CASTRENSE;all'intersezione semaforizzata con;VIA SAN SEVERO;VIA SAN SEVERO;;;Scontro frontale/laterale SX fra veicoli in marcia;Incrocio;Una carreggiata a senso unico di marcia;Asciutto;Asfaltata;Verticale;Nuvoloso;Normale;Buona;Ore Diurne;1;0;0;1;12,51535;41,88725;-1;1;Motociclo a solo;In marcia / fermata / arresto;Conducente;F;Rimandato;0;NON DECEDUTO;Non accertato;
2723731;9;05/03/2016 12:15;Strada Urbana;VIALE CASTRENSE;all'intersezione semaforizzata con;VIA SAN SEVERO;VIA SAN SEVERO;;;Scontro frontale/laterale SX fra veicoli in marcia;Incrocio;Una carreggiata a senso unico di marcia;Asciutto;Asfaltata;Verticale;Nuvoloso;Normale;Buona;Ore Diurne;1;0;0;1;12,51535;41,88725;-1;2;Autovettura privata;In marcia / fermata / arresto;Conducente;F;Illeso;0;;Non accertato;Inesploso
2723734;15;06/03/2016 12:00;Strada Urbana;LARGO GAETANO LA LOGGIA;in corrispondenza;;del civico n.;20;;Investimento di pedone;Rettilineo;Una carreggiata a doppio senso;Asciutto;Asfaltata;Verticale ed orizzontale;Sereno;Scarso;Buona;Ore Diurne;1;0;0;1;12,44639;41,85538;-1;;;;Pedone;F;Rimandato;0;NON DECEDUTO;;
2723734;15;06/03/2016 12:00;Strada Urbana;LARGO GAETANO LA LOGGIA;in corrispondenza;;del civico n.;20;;Investimento di pedone;Rettilineo;Una carreggiata a doppio senso;Asciutto;Asfaltata;Verticale ed orizzontale;Sereno;Scarso;Buona;Ore Diurne;1;0;0;1;12,44639;41,85538;-1;1;Autocarro inferiore 35 q.;In marcia / fermata / arresto;Conducente;M;Illeso;0;;;
2723736;9;05/03/2016 13:35;Strada Urbana;VIA ACAIA;all'intersezione semaforizzata con;VIA VETULONIA;VIA VETULONIA;;;Veicolo in marcia contro veicoli in sosta;Incrocio;Una carreggiata a doppio senso;Asciutto;Asfaltata;Verticale ed orizzontale;Nuvoloso;Normale;Buona;Ore Diurne;1;0;0;1;12,50797;41,87632;-1;1;Autovettura privata;In marcia / fermata / arresto;Conducente;M;Illeso;0;;Non accertato;Inesploso
2723736;9;05/03/2016 13:35;Strada Urbana;VIA ACAIA;all'intersezione semaforizzata con;VIA VETULONIA;VIA VETULONIA;;;Veicolo in marcia contro veicoli in sosta;Incrocio;Una carreggiata a doppio senso;Asciutto;Asfaltata;Verticale ed orizzontale;Nuvoloso;Normale;Buona;Ore Diurne;1;0;0;1;12,50797;41,87632;-1;4;Autovettura privata;In marcia / fermata / arresto;Conducente;M;Rimandato;0;NON DECEDUTO;Non accertato;Inesploso
2723743;11;06/03/2016 19:00;Strada Urbana;VIALE GIUSTINIANO IMPERATORE;in corrispondenza;;del civico n.;189;;Scontro frontale/laterale SX fra veicoli in marcia;Rettilineo;Due carreggiate;Bagnato (umidità in atto);Asfaltata;Verticale ed orizzontale;Nuvoloso;Normale;Buona;Ore Diurne;1;0;0;1;12,48686;41,85547;-1;1;Motociclo a solo;In marcia / fermata / arresto;Conducente;M;Rifiuta cure immediate;0;NON DECEDUTO;;