Protocollo;Gruppo;DataOraIncidente;Localizzazione1;STRADA1;Localizzazione2;STRADA2;Strada02;Chilometrica;DaSpecificare;NaturaIncidente;particolaritastrade;TipoStrada;FondoStradale;Pavimentazione;Segnaletica;CondizioneAtmosferica;Traffico;Visibilita;Illuminazione;NUM_FERITI;NUM_RISERVATA;NUM_MORTI;NUM_ILLESI;Longitudine;Latitudine;Confermato;Progressivo;TipoVeicolo;StatoVeicolo;TipoPersona;Sesso;Tipolesione;Deceduto;DecedutoDopo;CinturaCascoUtilizzato;Airbag
2725023;12;07/03/2016 20:00;Strada Urbana;VIA DESERTO DI GOBI;in prossimità;;del civico n.;101;;Veicolo in marcia contro veicoli in sosta;Curva a visuale libera;Una carreggiata a senso unico di marcia;Asciutto;Asfaltata;Assente;Nuvoloso;Scarso;Buona;Sufficiente;0;0;0;1;12,43624;41,80469;-1;1;Autovettura privata;In marcia / fermata / arresto;Conducente;F;Illeso;0;;Non accertato;Esploso
2725136;6;08/03/2016 02:05;Strada Urbana;VIA CIPRIANO FACCHINETTI;in prossimità;;del civico n.;127;;Veicolo in marcia contro veicolo fermo;Rettilineo;Una carreggiata a senso unico di marcia;Bagnato (pioggia);Asfaltata;Assente;Pioggia in atto;Scarso;Buona;Sufficiente;0;0;0;4;12,54957;41,90617;-1;1;Autovettura privata;In marcia / fermata / arresto;Conducente;M;Illeso;0;;Non accertato;
2725136;6;08/03/2016 02:05;Strada Urbana;VIA CIPRIANO FACCHINETTI;in prossimità;;del civico n.;127;;Veicolo in marcia contro veicolo fermo;Rettilineo;Una carreggiata a senso unico di marcia;Bagnato (pioggia);Asfaltata;Assente;Pioggia in atto;Scarso;Buona;Sufficiente;0;0;0;4;12,54957;41,90617;-1;1;Autovettura privata;In marcia / fermata / arresto;Passeggero;F;Illeso;0;;Non accertato;
2725136;6;08/03/2016 02:05;Strada Urbana;VIA CIPRIANO FACCHINETTI;in prossimità;;del civico n.;127;;Veicolo in marcia contro veicolo fermo;Rettilineo;Una carreggiata a senso unico di marcia;Bagnato (pioggia);Asfaltata;Assente;Pioggia in atto;Scarso;Buona;Sufficiente;0;0;0;4;12,54957;41,90617;-1;2;Autocarro inferiore 35 q.;In marcia / fermata / arresto;Conducente;M;Illeso;0;;;
2725136;6;08/03/2016 02:05;Strada Urbana;VIA CIPRIANO FACCHINETTI;in prossimità;;del civico n.;127;;Veicolo in marcia contro veicolo fermo;Rettilineo;Una carreggiata a senso unico di marcia;Bagnato (pioggia);Asfaltata;Assente;Pioggia in atto;Scarso;Buona;Sufficiente;0;0;0;4;12,54957;41,90617;-1;2;Autocarro inferiore 35 q.;In marcia / fermata / arresto;Passeggero;M;Illeso;0;;Non accertato;
2725157;6;07/03/2016 19:30;Strada Urbana;VIA TOR DE' SCHIAVI;in prossimità;;del civico n.;401;;Veicolo in marcia contro veicolo fermo;Rettilineo;Due carreggiate;Bagnato (pioggia);Asfaltata;Assente;Nuvoloso;Normale;Buona;Sufficiente;1;0;0;1;12,55913;41,89423;-1;1;Autovettura privata;In marcia / fermata / arresto;Conducente;M;Illeso;0;;Utilizzato;
2725157;6;07/03/2016 19:30;Strada Urbana;VIA TOR DE' SCHIAVI;in prossimità;;del civico n.;401;;Veicolo in marcia contro veicolo fermo;Rettilineo;Due carreggiate;Bagnato (pioggia);Asfaltata;Assente;Nuvoloso;Normale;Buona;Sufficiente;1;0;0;1;12,55913;41,89423;-1;2;Motociclo a solo;In marcia / fermata / arresto;Conducente;M;Rifiuta cure immediate;0;NON DECEDUTO;Utilizzato;
2725166;11;07/03/2016 09:00;Strada Urbana;VIA GIOVANNIPOLI;in prossimità;;del civico n.;14;;Infortunio per caduta del veicolo;Rettilineo;Una carreggiata a doppio senso;Bagnato (pioggia);Asfaltata;Verticale ed orizzontale;Nuvoloso;Normale;Buona;Ore Diurne;0;0;0;3;12,48482;41,86101;-1;1;Motociclo a solo;In marcia / fermata / arresto;Conducente;M;Illeso;0;;;
2725166;11;07/03/2016 09:00;Strada Urbana;VIA GIOVANNIPOLI;in prossimità;;del civico n.;14;;Infortunio per caduta del veicolo;Rettilineo;Una carreggiata a doppio senso;Bagnato (pioggia);Asfaltata;Verticale ed orizzontale;Nuvoloso;Normale;Buona;Ore Diurne;0;0;0;3;12,48482;41,86101;-1;2;Autovettura privata;In marcia / fermata / arresto;Conducente;M;Illeso;0;;;
2725166;11;07/03/2016 09:00;Strada Urbana;VIA GIOVANNIPOLI;in prossimità;;del civico n.;14;;Infortunio per caduta del veicolo;Rettilineo;Una carreggiata a doppio senso;Bagnato (pioggia);Asfaltata;Verticale ed orizzontale;Nuvoloso;Normale;Buona;Ore Diurne;0;0;0;3;12,48482;41,86101;-1;2;Autovettura privata;In marcia / fermata / arresto;Passeggero;F;Illeso;0;;;
2725169;8;07/03/2016 09:00;Strada Urbana;VIA SILICELLA;in corrispondenza;;del civico n.;126;;Veicolo in marcia contro veicoli in sosta;Rettilineo;Una carreggiata a doppio senso;Asciutto;Con buche;Assente;Nuvoloso;Normale;Buona;Ore Diurne;0;0;0;1;12,59789;41,85863;-1;1;Autovettura privata;In marcia / fermata / arresto;Conducente;F;Illeso;0;;Non accertato;Inesploso
2725175;8;07/03/2016 11:20;Strada Urbana;VIA DI ORTI POLI;in prossimità;;del civico n.;6;;Tamponamento;Rettilineo;Una carreggiata a senso unico di marcia;Asciutto;Asfaltata;Verticale ed orizzontale;Sereno;Scarso;Buona;Ore Diurne;1;0;0;1;12,60365;41,85907;-1;1;Autovettura privata;In marcia / fermata / arresto;Conducente;M;Rimandato;0;NON DECEDUTO;Non accertato;Inesploso
2725175;8;07/03/2016 11:20;Strada Urbana;VIA DI ORTI POLI;in prossimità;;del civico n.;6;;Tamponamento;Rettilineo;Una carreggiata a senso unico di marcia;Asciutto;Asfaltata;Verticale ed orizzontale;Sereno;Scarso;Buona;Ore Diurne;1;0;0;1;12,60365;41,85907;-1;2;Autobus urbano;In marcia / fermata / arresto;Conducente;M;Illeso;0;;Non accertato;Inesploso
2725182;8;07/03/2016 13:45;Statale entro l'abitato;VIA CASILINA;da specificare;;;;fronte civico 1611;Scontro laterale fra veicoli in marcia;Rettilineo;Due carreggiate;Bagnato (umidità in atto);Asfaltata;Orizzontale;Nuvoloso;Normale;Buona;Ore Diurne;0;0;0;2;12,60933;41,86405;-1;1;Autovettura privata;In marcia / fermata / arresto;Conducente;F;Illeso;0;;Non accertato;Inesploso
2725182;8;07/03/2016 13:45;Statale entro l'abitato;VIA CASILINA;da specificare;;;;fronte civico 1611;Scontro laterale fra veicoli in marcia;Rettilineo;Due carreggiate;Bagnato (umidità in atto);Asfaltata;Orizzontale;Nuvoloso;Normale;Buona;Ore Diurne;0;0;0;2;12,60933;41,86405;-1;2;Autovettura privata;In marcia / fermata / arresto;Conducente;M;Illeso;0;;Non accertato;Inesploso
2725191;8;07/03/2016 14:10;Strada Urbana;VIA DELL'ARCHEOLOGIA;all'intersezione con;VIA DEI COCHI;VIA DEI COCHI;;;Tamponamento;Incrocio;Due carreggiate;Bagnato (umidità in atto);Con buche;Verticale;Nuvoloso;Normale;Buona;Ore Diurne;0;0;0;2;12,62688;41,88064;-1;1;Autovettura privata;In marcia / fermata / arresto;Conducente;F;Illeso;0;;Non accertato;Inesploso
2725191;8;07/03/2016 14:10;Strada Urbana;VIA DELL'ARCHEOLOGIA;all'intersezione con;VIA DEI COCHI;VIA DEI COCHI;;;Tamponamento;Incrocio;Due carreggiate;Bagnato (umidità in atto);Con buche;Verticale;Nuvoloso;Normale;Buona;Ore Diurne;0;0;0;2;12,62688;41,88064;-1;2;Autobus di linea;In marcia / fermata / arresto;Conducente;F;Illeso;0;;Non accertato;Inesploso
2725192;8;07/03/2016 19:55;Strada Urbana;VIALE DEI ROMANISTI;all'intersezione con;VIA FELICE CICCONETTI;VIA FELICE CICCONETTI;;;Veicolo in marcia contro ostacolo accidentale;Incrocio;Una carreggiata a senso unico di marcia;Bagnato (umidità in atto);Asfaltata;Verticale ed orizzontale;Nuvoloso;Scarso;Insufficiente;Sufficiente;0;0;0;1;12,57733;41,86753;-1;1;Autovettura privata;In marcia / fermata / arresto;Conducente;M;Illeso;0;;Non accertato;Inesploso
2725197;8;07/03/2016 10:25;Strada Urbana;VIA DI SALONE;da specificare;;;;pross. Via Collatina;Veicolo in marcia contro ostacolo accidentale;Rettilineo;Una carreggiata a doppio senso;Bagnato (pioggia);Con buche;Assente;Pioggia in atto;Normale;Sufficiente;Ore Diurne;0;0;0;1;12,62253;41,93672;-1;1;Autovettura privata;In marcia / fermata / arresto;Conducente;F;Illeso;0;;Non accertato;Inesploso
2725202;8;07/03/2016 16:40;Strada Urbana;VIALE DEI ROMANISTI;in corrispondenza;;del civico n.;25;;Veicolo in marcia contro ostacolo accidentale;Rettilineo;Una carreggiata a senso unico di marcia;Bagnato (umidità in atto);Con buche;Verticale ed orizzontale;Nuvoloso;Normale;Buona;Ore Diurne;0;0;0;1;12,5839;41,86534;-1;1;Autovettura privata;In marcia / fermata / arresto;Conducente;M;Illeso;0;;Non accertato;Inesploso
2725206;10;08/03/2016 06:50;Strada Urbana;VIA DELLE CAPANNELLE;all'intersezione con;VIA DEL CALICE;VIA DEL CALICE;;;Scontro frontale/laterale SX fra veicoli in marcia;Incrocio;Una carreggiata a doppio senso;Bagnato (pioggia);Asfaltata;Verticale ed orizzontale;Sereno;Normale;Buona;Ore Diurne;0;0;0;2;12,56593;41,82892;-1;1;Autovettura privata;In marcia / fermata / arresto;Conducente;M;Illeso;0;;Non accertato;Inesploso
2725206;10;08/03/2016 06:50;Strada Urbana;VIA DELLE CAPANNELLE;all'intersezione con;VIA DEL CALICE;VIA DEL CALICE;;;Scontro frontale/laterale SX fra veicoli in marcia;Incrocio;Una carreggiata a doppio senso;Bagnato (pioggia);Asfaltata;Verticale ed orizzontale;Sereno;Normale;Buona;Ore Diurne;0;0;0;2;12,56593;41,82892;-1;2;Autobus urbano;In marcia / fermata / arresto;Conducente;M;Illeso;0;;Non accertato;Inesistente
2725208;8;07/03/2016 13:20;Strada Urbana;VIALE DUILIO CAMBELLOTTI;da specificare;;;;pross. svincolo Via del Torraccio di Torrenova;Veicolo in marcia contro ostacolo accidentale;Rettilineo;Due carreggiate;Bagnato (umidità in atto);Con buche;Verticale ed orizzontale;Nuvoloso;Normale;Buona;Ore Diurne;0;0;0;1;12,62935;41,86719;-1;1;Autovettura privata;In marcia / fermata / arresto;Conducente;M;Illeso;0;;Non accertato;Inesploso
2725211;5;07/03/2016 12:15;Strada Urbana;VIA FILIPPO FIORENTINI;in prossimità;;del civico n.;68;;Scontro laterale fra veicoli in marcia;Rettilineo;Una carreggiata a doppio senso;Asciutto;Asfaltata;Verticale ed orizzontale;Sereno;Normale;Buona;Ore Diurne;0;0;0;3;12,55617;41,90806;-1;1;Autovettura privata;In marcia / fermata / arresto;Conducente;F;Illeso;0;;Non accertato;
2725211;5;07/03/2016 12:15;Strada Urbana;VIA FILIPPO FIORENTINI;in prossimità;;del civico n.;68;;Scontro laterale fra veicoli in marcia;Rettilineo;Una carreggiata a doppio senso;Asciutto;Asfaltata;Verticale ed orizzontale;Sereno;Normale;Buona;Ore Diurne;0;0;0;3;12,55617;41,90806;-1;2;Autovettura privata;In marcia / fermata / arresto;Conducente;M;Illeso;0;;Non accertato;
2725211;5;07/03/2016 12:15;Strada Urbana;VIA FILIPPO FIORENTINI;in prossimità;;del civico n.;68;;Scontro laterale fra veicoli in marcia;Rettilineo;Una carreggiata a doppio senso;Asciutto;Asfaltata;Verticale ed orizzontale;Sereno;Normale;Buona;Ore Diurne;0;0;0;3;12,55617;41,90806;-1;3;Autovettura privata;In marcia / fermata / arresto;Conducente;M;Illeso;0;;Non accertato;
2725215;8;07/03/2016 14:00;Strada Urbana;VIA DELL'ARCHEOLOGIA;da specificare;;;;pross. Via Anichini;Veicolo in marcia contro ostacolo accidentale;Rettilineo;Una carreggiata a doppio senso;Bagnato (umidità in atto);Asfaltata;Verticale;Nuvoloso;Normale;Buona;Ore Diurne;0;0;0;1;12,62955;41,8791;-1;1;Autovettura privata;In marcia / fermata / arresto;Conducente;F;Illeso;0;;Non accertato;Inesploso
2725221;8;06/03/2016 12:30;Strada Urbana;VIA DI SALONE;da specificare;;;;50 m prima di Via Collatina;Veicolo in marcia contro ostacolo accidentale;Rettilineo;Una carreggiata a doppio senso;Bagnato (umidità in atto);Con buche;Assente;Nuvoloso;Normale;Buona;Ore Diurne;0;0;0;1;12,62631;41,93187;-1;1;Autovettura privata;In marcia / fermata / arresto;Conducente;M;Illeso;0;;Non accertato;Inesploso
2725223;5;07/03/2016 18:30;Strada Urbana;VIALE PALMIRO TOGLIATTI;all'intersezione con;VIALE BATTISTA BARDANZELLU;VIALE BATTISTA BARDANZELLU;;;Scontro laterale fra veicoli in marcia;Intersezione semaforizzata;Due carreggiate;Asciutto;Asfaltata;Verticale ed orizzontale;Nuvoloso;Normale;Buona;Sufficiente;0;0;0;2;12,57052;41,91399;-1;1;Autovettura privata;In marcia / fermata / arresto;Conducente;M;Illeso;0;;Non accertato;Inesploso
2725223;5;07/03/2016 18:30;Strada Urbana;VIALE PALMIRO TOGLIATTI;all'intersezione con;VIALE BATTISTA BARDANZELLU;VIALE BATTISTA BARDANZELLU;;;Scontro laterale fra veicoli in marcia;Intersezione semaforizzata;Due carreggiate;Asciutto;Asfaltata;Verticale ed orizzontale;Nuvoloso;Normale;Buona;Sufficiente;0;0;0;2;12,57052;41,91399;-1;2;Motociclo a solo;In marcia / fermata / arresto;Conducente;F;Illeso;0;;Non accertato;
2725228;8;07/03/2016 09:10;Provinciale entro l'abitato;VIA PRENESTINA;in corrispondenza;;del civico n.;1159;;Veicolo in marcia contro ostacolo accidentale;Rettilineo;Una carreggiata a doppio senso;Bagnato (pioggia);Asfaltata;Verticale ed orizzontale;Nuvoloso;Normale;Buona;Ore Diurne;0;0;0;1;12,62586;41,89293;-1;1;Autovettura privata;In marcia / fermata / arresto;Conducente;M;Illeso;0;;Non accertato;Inesploso
2725230;11;07/03/2016 11:30;Strada Urbana;VIA CRISTOFORO COLOMBO;in corrispondenza;;del palo luce n.;154;;Tamponamento Multiplo;Rettilineo;Più di due carreggiate;Bagnato (pioggia);Asfaltata;Verticale ed orizzontale;Nuvoloso;Normale;Buona;Ore Diurne;0;0;0;3;12,44704;41,80373;-1;1;Autovettura privata;In marcia / fermata / arresto;Conducente;M;Illeso;0;;Non accertato;
2725230;11;07/03/2016 11:30;Strada Urbana;VIA CRISTOFORO COLOMBO;in corrispondenza;;del palo luce n.;154;;Tamponamento Multiplo;Rettilineo;Più di due carreggiate;Bagnato (pioggia);Asfaltata;Verticale ed orizzontale;Nuvoloso;Normale;Buona;Ore Diurne;0;0;0;3;12,44704;41,80373;-1;2;Autovettura privata;In marcia / fermata / arresto;Conducente;M;Illeso;0;;Non accertato;
2725230;11;07/03/2016 11:30;Strada Urbana;VIA CRISTOFORO COLOMBO;in corrispondenza;;del palo luce n.;154;;Tamponamento Multiplo;Rettilineo;Più di due carreggiate;Bagnato (pioggia);Asfaltata;Verticale ed orizzontale;Nuvoloso;Normale;Buona;Ore Diurne;0;0;0;3;12,44704;41,80373;-1;3;Autovettura privata;In marcia / fermata / arresto;Conducente;F;Illeso;0;;Non accertato;
2725237;8;07/03/2016 22:30;Strada Urbana;VIA POLENSE;da specificare;;;;circa 500 m dopo inters. Via Massa S. Giuliano;Veicolo in marcia contro ostacolo accidentale;Rettilineo;Una carreggiata a doppio senso;Bagnato (umidità in atto);Con buche;Assente;Nuvoloso;Normale;Insufficiente;Insufficiente;0;0;0;1;12,70292;41,89532;-1;1;Autovettura privata;In marcia / fermata / arresto;Conducente;M;Illeso;0;;Non accertato;Inesploso
2725243;8;07/03/2016 21:50;Strada Urbana;VIALE DUILIO CAMBELLOTTI;da specificare;;;;100 m prima svincolo Via Torraccio di Torrenova;Veicolo in marcia contro ostacolo accidentale;Rettilineo;Una carreggiata a senso unico di marcia;Bagnato (pioggia);Con buche;Verticale ed orizzontale;Sereno;Scarso;Sufficiente;Sufficiente;0;0;0;3;12,62935;41,86719;-1;1;Autovettura privata;In marcia / fermata / arresto;Conducente;M;Illeso;0;;Non accertato;Inesploso
2725243;8;07/03/2016 21:50;Strada Urbana;VIALE DUILIO CAMBELLOTTI;da specificare;;;;100 m prima svincolo Via Torraccio di Torrenova;Veicolo in marcia contro ostacolo accidentale;Rettilineo;Una carreggiata a senso unico di marcia;Bagnato (pioggia);Con buche;Verticale ed orizzontale;Sereno;Scarso;Sufficiente;Sufficiente;0;0;0;3;12,62935;41,86719;-1;1;Autovettura privata;In marcia / fermata / arresto;Passeggero;M;Illeso;0;;Non accertato;Inesploso
2725243;8;07/03/2016 21:50;Strada Urbana;VIALE DUILIO CAMBELLOTTI;da specificare;;;;100 m prima svincolo Via Torraccio di Torrenova;Veicolo in marcia contro ostacolo accidentale;Rettilineo;Una carreggiata a senso unico di marcia;Bagnato (pioggia);Con buche;Verticale ed orizzontale;Sereno;Scarso;Sufficiente;Sufficiente;0;0;0;3;12,62935;41,86719;-1;1;Autovettura privata;In marcia / fermata / arresto;Passeggero;M;Illeso;0;;Non accertato;Inesploso
2725247;20;07/03/2016 10:45;Regionale entro l'abitato;VIA CASSIA;in prossimità;;del civico n.;1370;;Tamponamento;Rettilineo;Una carreggiata a doppio senso;Asciutto;Asfaltata;Orizzontale;Nuvoloso;Normale;Buona;Ore Diurne;0;0;0;5;12,40161;41,9876;-1;1;Autovettura privata;In marcia / fermata / arresto;Conducente;M;Illeso;0;;Non accertato;Inesploso
2725247;20;07/03/2016 10:45;Regionale entro l'abitato;VIA CASSIA;in prossimità;;del civico n.;1370;;Tamponamento;Rettilineo;Una carreggiata a doppio senso;Asciutto;Asfaltata;Orizzontale;Nuvoloso;Normale;Buona;Ore Diurne;0;0;0;5;12,40161;41,9876;-1;1;Autovettura privata;In marcia / fermata / arresto;Passeggero;M;Illeso;0;;Non accertato;Inesploso
2725247;20;07/03/2016 10:45;Regionale entro l'abitato;VIA CASSIA;in prossimità;;del civico n.;1370;;Tamponamento;Rettilineo;Una carreggiata a doppio senso;Asciutto;Asfaltata;Orizzontale;Nuvoloso;Normale;Buona;Ore Diurne;0;0;0;5;12,40161;41,9876;-1;1;Autovettura privata;In marcia / fermata / arresto;Passeggero;F;Illeso;0;;Non accertato;Inesploso
2725247;20;07/03/2016 10:45;Regionale entro l'abitato;VIA CASSIA;in prossimità;;del civico n.;1370;;Tamponamento;Rettilineo;Una carreggiata a doppio senso;Asciutto;Asfaltata;Orizzontale;Nuvoloso;Normale;Buona;Ore Diurne;0;0;0;5;12,40161;41,9876;-1;2;Autocarro inferiore 35 q.;In marcia / fermata / arresto;Conducente;M;Illeso;0;;Non accertato;Inesistente
2725247;20;07/03/2016 10:45;Regionale entro l'abitato;VIA CASSIA;in prossimità;;del civico n.;1370;;Tamponamento;Rettilineo;Una carreggiata a doppio senso;Asciutto;Asfaltata;Orizzontale;Nuvoloso;Normale;Buona;Ore Diurne;0;0;0;5;12,40161;41,9876;-1;2;Autocarro inferiore 35 q.;In marcia / fermata / arresto;Passeggero;M;Illeso;0;;Non accertato;Inesploso
2725269;13;07/03/2016 12:45;Strada Urbana;VIA DI MALAFEDE;da specificare;;;;altezza sottovia ferroviario;Veicolo in marcia contro ostacolo accidentale;Rettilineo;Una carreggiata a doppio senso;Bagnato (pioggia);Con buche;Assente;Nuvoloso;Normale;Sufficiente;Ore Diurne;0;0;0;1;12,40305;41,76871;-1;1;Autovettura privata;In marcia / fermata / arresto;Conducente;F;Illeso;0;;Non accertato;Inesploso
2725294;19;07/03/2016 20:00;Strada Urbana;VIA DEGLI ORTI DELLA FARNESINA;in prossimità;;del civico n.;120;;Veicolo in marcia contro ostacolo fisso;Rettilineo;Una carreggiata a senso unico di marcia;Asciutto;Asfaltata;Orizzontale;Sereno;Scarso;Buona;Sufficiente;0;0;0;1;12,46124;41,94493;-1;2;Autovettura privata;In marcia / fermata / arresto;Conducente;M;Illeso;0;;;
2725305;10;07/03/2016 18:25;Strada Urbana;VIA PIZZO DI CALABRIA;all'intersezione semaforizzata con;VIA APPIA NUOVA;VIA APPIA NUOVA;;;Tamponamento;Intersezione semaforizzata;Una carreggiata a senso unico di marcia;Bagnato (pioggia);Asfaltata;Verticale ed orizzontale;Pioggia in atto;Normale;Sufficiente;Sufficiente;0;0;0;2;12,56143;41,82505;-1;1;Autovettura privata;In marcia / fermata / arresto;Conducente;F;Illeso;0;;Non accertato;Inesploso
2725305;10;07/03/2016 18:25;Strada Urbana;VIA PIZZO DI CALABRIA;all'intersezione semaforizzata con;VIA APPIA NUOVA;VIA APPIA NUOVA;;;Tamponamento;Intersezione semaforizzata;Una carreggiata a senso unico di marcia;Bagnato (pioggia);Asfaltata;Verticale ed orizzontale;Pioggia in atto;Normale;Sufficiente;Sufficiente;0;0;0;2;12,56143;41,82505;-1;2;Autovettura privata;In marcia / fermata / arresto;Conducente;F;Illeso;0;;Non accertato;Inesploso
2725314;13;07/03/2016 17:50;Strada Urbana;VIA DI MACCHIA PALOCCO;all'intersezione con;VIA PIETRO FOGLIO;VIA PIETRO FOGLIO;;;Scontro laterale fra veicoli in marcia;Incrocio;Una carreggiata a doppio senso;Asciutto;Asfaltata;Orizzontale;Sereno;Normale;Sufficiente;Ore Diurne;2;0;0;1;12,35468;41,7704;-1;1;Autovettura privata;In marcia / fermata / arresto;Conducente;M;Illeso;0;;Non accertato;Inesploso
2725314;13;07/03/2016 17:50;Strada Urbana;VIA DI MACCHIA PALOCCO;all'intersezione con;VIA PIETRO FOGLIO;VIA PIETRO FOGLIO;;;Scontro laterale fra veicoli in marcia;Incrocio;Una carreggiata a doppio senso;Asciutto;Asfaltata;Orizzontale;Sereno;Normale;Sufficiente;Ore Diurne;2;0;0;1;12,35468;41,7704;-1;2;Motociclo con passeggero;In marcia / fermata / arresto;Conducente;M;Rimandato;0;NON DECEDUTO;Non accertato;
2725314;13;07/03/2016 17:50;Strada Urbana;VIA DI MACCHIA PALOCCO;all'intersezione con;VIA PIETRO FOGLIO;VIA PIETRO FOGLIO;;;Scontro laterale fra veicoli in marcia;Incrocio;Una carreggiata a doppio senso;Asciutto;Asfaltata;Orizzontale;Sereno;Normale;Sufficiente;Ore Diurne;2;0;0;1;12,35468;41,7704;-1;2;Motociclo con passeggero;In marcia / fermata / arresto;Passeggero;F;Rimandato;0;NON DECEDUTO;Non accertato;
2725322;15;07/03/2016 15:55;Strada Urbana;VIA ANTONIO PACINOTTI;in corrispondenza;;del civico n.;81;;Veicolo in marcia contro ostacolo accidentale;Rettilineo;Una carreggiata a senso unico di marcia;Asciutto;Asfaltata;Verticale ed orizzontale;Sereno;Intenso;Buona;Ore Diurne;0;0;0;1;12,47025;41,8716;-1;1;Autovettura privata;In marcia / fermata / arresto;Conducente;F;Illeso;0;;Utilizzato;
2725333;13;07/03/2016 16:00;Strada Urbana;VIA POSIDIPPO;all'intersezione con;VIA DI ACILIA;VIA DI ACILIA;;;Scontro frontale/laterale DX fra veicoli in marcia;Incrocio;Una carreggiata a doppio senso;Asciutto;Asfaltata;Orizzontale;Sereno;Normale;Buona;Sufficiente;0;0;0;2;12,37399;41,76968;-1;1;Autotreno;In marcia / fermata / arresto;Conducente;M;Illeso;0;;Non accertato;Inesploso
2725333;13;07/03/2016 16:00;Strada Urbana;VIA POSIDIPPO;all'intersezione con;VIA DI ACILIA;VIA DI ACILIA;;;Scontro frontale/laterale DX fra veicoli in marcia;Incrocio;Una carreggiata a doppio senso;Asciutto;Asfaltata;Orizzontale;Sereno;Normale;Buona;Sufficiente;0;0;0;2;12,37399;41,76968;-1;2;Autovettura privata;In marcia / fermata / arresto;Conducente;F;Illeso;0;;Non accertato;Inesploso
2725337;12;07/03/2016 19:45;Strada Urbana;VIALE EGEO;in corrispondenza;;del civico n.;133;;Scontro laterale fra veicoli in marcia;Rettilineo;Due carreggiate;Asciutto;Asfaltata;Verticale ed orizzontale;Nuvoloso;Normale;Buona;Sufficiente;0;0;0;3;12,4572;41,83309;-1;1;Motociclo a solo;In marcia / fermata / arresto;Conducente;M;Illeso;0;;Utilizzato;
2725337;12;07/03/2016 19:45;Strada Urbana;VIALE EGEO;in corrispondenza;;del civico n.;133;;Scontro laterale fra veicoli in marcia;Rettilineo;Due carreggiate;Asciutto;Asfaltata;Verticale ed orizzontale;Nuvoloso;Normale;Buona;Sufficiente;0;0;0;3;12,4572;41,83309;-1;2;Autovettura privata;In marcia / fermata / arresto;Conducente;M;Illeso;0;;Utilizzato;Inesploso
2725337;12;07/03/2016 19:45;Strada Urbana;VIALE EGEO;in corrispondenza;;del civico n.;133;;Scontro laterale fra veicoli in marcia;Rettilineo;Due carreggiate;Asciutto;Asfaltata;Verticale ed orizzontale;Nuvoloso;Normale;Buona;Sufficiente;0;0;0;3;12,4572;41,83309;-1;2;Autovettura privata;In marcia / fermata / arresto;Passeggero;M;Illeso;0;;Utilizzato;Inesploso
2725360;19;07/03/2016 09:05;Strada Urbana;VIA DI TORREVECCHIA;in prossimità;;del civico n.;278;;Tamponamento;Rettilineo;Una carreggiata a doppio senso;Asciutto;Asfaltata;Verticale ed orizzontale;Sereno;Normale;Buona;Ore Diurne;0;0;0;2;12,41621;41,92768;-1;1;Autovettura privata;In marcia / fermata / arresto;Conducente;M;Illeso;0;;;
2725360;19;07/03/2016 09:05;Strada Urbana;VIA DI TORREVECCHIA;in prossimità;;del civico n.;278;;Tamponamento;Rettilineo;Una carreggiata a doppio senso;Asciutto;Asfaltata;Verticale ed orizzontale;Sereno;Normale;Buona;Ore Diurne;0;0;0;2;12,41621;41,92768;-1;2;Autovettura privata;In marcia / fermata / arresto;Conducente;M;Illeso;0;;;
2725368;19;07/03/2016 11:15;Strada Urbana;VIA CASIMIRO MONDINO;in prossimità;;del civico n.;7;;Scontro laterale fra veicoli in marcia;Rettilineo;Una carreggiata a senso unico di marcia;Asciutto;Asfaltata;Assente;Nuvoloso;Scarso;Buona;Ore Diurne;0;0;0;2;12,41385;41,92582;-1;1;Autovettura privata;In marcia / fermata / arresto;Conducente;F;Illeso;0;;;
2725368;19;07/03/2016 11:15;Strada Urbana;VIA CASIMIRO MONDINO;in prossimità;;del civico n.;7;;Scontro laterale fra veicoli in marcia;Rettilineo;Una carreggiata a senso unico di marcia;Asciutto;Asfaltata;Assente;Nuvoloso;Scarso;Buona;Ore Diurne;0;0;0;2;12,41385;41,92582;-1;2;Motociclo a solo;In marcia / fermata / arresto;Conducente;F;Illeso;0;;;
2725373;19;07/03/2016 09:45;Strada Urbana;VIA MALCESINE;da specificare;;;;F.te civ. 33;Veicolo in marcia contro veicolo in sosta;Rettilineo;Una carreggiata a doppio senso;Asciutto;Asfaltata;Assente;Sereno;Scarso;Buona;Ore Diurne;0;0;0;1;12,43182;41,94037;-1;1;Autoarticolato;In marcia / fermata / arresto;Conducente;M;Illeso;0;;Non accertato;Inesploso
2725374;13;07/03/2016 22:30;Strada Urbana;VIA BARZANO';in corrispondenza;;del civico n.;12;;Veicolo in marcia contro ostacolo fisso;Rettilineo;Una carreggiata a doppio senso;Asciutto;Asfaltata;Assente;Nuvoloso;Scarso;Buona;Sufficiente;0;0;0;2;12,33461;41,77603;-1;1;Autovettura privata;In marcia / fermata / arresto;Conducente;M;Illeso;0;;Non accertato;Inesploso