Protocollo;Gruppo;DataOraIncidente;Localizzazione1;STRADA1;Localizzazione2;STRADA2;Strada02;Chilometrica;DaSpecificare;NaturaIncidente;particolaritastrade;TipoStrada;FondoStradale;Pavimentazione;Segnaletica;CondizioneAtmosferica;Traffico;Visibilita;Illuminazione;NUM_FERITI;NUM_RISERVATA;NUM_MORTI;NUM_ILLESI;Longitudine;Latitudine;Confermato;Progressivo;TipoVeicolo;StatoVeicolo;TipoPersona;Sesso;Tipolesione;Deceduto;DecedutoDopo;CinturaCascoUtilizzato;Airbag
2733782;12;13/03/2016 10:45;Statale;VIA OSTIENSE;all'intersezione semaforizzata con;VIA DEL MARE;VIA DEL MARE;;;Scontro laterale fra veicoli in marcia;Intersezione semaforizzata;Una carreggiata a doppio senso;Asciutto;Asfaltata;Verticale ed orizzontale;Sereno;Normale;Buona;Ore Diurne;1;0;0;7;12,43612;41,81953;-1;1;Autovettura privata;In marcia / fermata / arresto;Passeggero;M;Illeso;0;;Non accertato;Inesploso
2733782;12;13/03/2016 10:45;Statale;VIA OSTIENSE;all'intersezione semaforizzata con;VIA DEL MARE;VIA DEL MARE;;;Scontro laterale fra veicoli in marcia;Intersezione semaforizzata;Una carreggiata a doppio senso;Asciutto;Asfaltata;Verticale ed orizzontale;Sereno;Normale;Buona;Ore Diurne;1;0;0;7;12,43612;41,81953;-1;1;Autovettura privata;In marcia / fermata / arresto;Passeggero;M;Illeso;0;;Non accertato;Inesploso
2733782;12;13/03/2016 10:45;Statale;VIA OSTIENSE;all'intersezione semaforizzata con;VIA DEL MARE;VIA DEL MARE;;;Scontro laterale fra veicoli in marcia;Intersezione semaforizzata;Una carreggiata a doppio senso;Asciutto;Asfaltata;Verticale ed orizzontale;Sereno;Normale;Buona;Ore Diurne;1;0;0;7;12,43612;41,81953;-1;1;Autovettura privata;In marcia / fermata / arresto;Passeggero;F;Illeso;0;;Non accertato;Inesploso
2733782;12;13/03/2016 10:45;Statale;VIA OSTIENSE;all'intersezione semaforizzata con;VIA DEL MARE;VIA DEL MARE;;;Scontro laterale fra veicoli in marcia;Intersezione semaforizzata;Una carreggiata a doppio senso;Asciutto;Asfaltata;Verticale ed orizzontale;Sereno;Normale;Buona;Ore Diurne;1;0;0;7;12,43612;41,81953;-1;1;Autovettura privata;In marcia / fermata / arresto;Passeggero;F;Illeso;0;;Non accertato;Inesploso
2733782;12;13/03/2016 10:45;Statale;VIA OSTIENSE;all'intersezione semaforizzata con;VIA DEL MARE;VIA DEL MARE;;;Scontro laterale fra veicoli in marcia;Intersezione semaforizzata;Una carreggiata a doppio senso;Asciutto;Asfaltata;Verticale ed orizzontale;Sereno;Normale;Buona;Ore Diurne;1;0;0;7;12,43612;41,81953;-1;1;Autovettura privata;In marcia / fermata / arresto;Passeggero;F;Illeso;0;;Non accertato;Inesploso
2733782;12;13/03/2016 10:45;Statale;VIA OSTIENSE;all'intersezione semaforizzata con;VIA DEL MARE;VIA DEL MARE;;;Scontro laterale fra veicoli in marcia;Intersezione semaforizzata;Una carreggiata a doppio senso;Asciutto;Asfaltata;Verticale ed orizzontale;Sereno;Normale;Buona;Ore Diurne;1;0;0;7;12,43612;41,81953;-1;1;Autovettura privata;In marcia / fermata / arresto;Passeggero;M;Illeso;0;;Non accertato;Inesploso
2733782;12;13/03/2016 10:45;Statale;VIA OSTIENSE;all'intersezione semaforizzata con;VIA DEL MARE;VIA DEL MARE;;;Scontro laterale fra veicoli in marcia;Intersezione semaforizzata;Una carreggiata a doppio senso;Asciutto;Asfaltata;Verticale ed orizzontale;Sereno;Normale;Buona;Ore Diurne;1;0;0;7;12,43612;41,81953;-1;2;Motociclo a solo;In marcia / fermata / arresto;Conducente;M;Rimandato;0;NON DECEDUTO;Utilizzato;
2733795;12;11/03/2016 23:05;Strada Urbana;VIALE ROMUALDO CHIESA;all'intersezione con;VIA GIUSEPPE LOPRESTI;VIA GIUSEPPE LOPRESTI;;;Scontro frontale/laterale SX fra veicoli in marcia;Incrocio;Una carreggiata a doppio senso;Asciutto;Asfaltata;Verticale ed orizzontale;Sereno;Scarso;Buona;Sufficiente;0;0;0;3;12,44279;41,81873;-1;1;Autovettura privata;In marcia / fermata / arresto;Conducente;M;Illeso;0;;Utilizzato;Inesploso
2733795;12;11/03/2016 23:05;Strada Urbana;VIALE ROMUALDO CHIESA;all'intersezione con;VIA GIUSEPPE LOPRESTI;VIA GIUSEPPE LOPRESTI;;;Scontro frontale/laterale SX fra veicoli in marcia;Incrocio;Una carreggiata a doppio senso;Asciutto;Asfaltata;Verticale ed orizzontale;Sereno;Scarso;Buona;Sufficiente;0;0;0;3;12,44279;41,81873;-1;1;Autovettura privata;In marcia / fermata / arresto;Passeggero;M;Illeso;0;;Utilizzato;Inesploso
2733795;12;11/03/2016 23:05;Strada Urbana;VIALE ROMUALDO CHIESA;all'intersezione con;VIA GIUSEPPE LOPRESTI;VIA GIUSEPPE LOPRESTI;;;Scontro frontale/laterale SX fra veicoli in marcia;Incrocio;Una carreggiata a doppio senso;Asciutto;Asfaltata;Verticale ed orizzontale;Sereno;Scarso;Buona;Sufficiente;0;0;0;3;12,44279;41,81873;-1;2;Autovettura privata;In marcia / fermata / arresto;Conducente;M;Illeso;0;;Utilizzato;Inesploso
2733815;12;12/03/2016 15:35;Strada Urbana;VIA FRATELLI LAURANA;all'intersezione con;VIA DELLA DIVISIONE TORINO;VIA DELLA DIVISIONE TORINO;;;Scontro laterale fra veicoli in marcia;Intersezione stradale segnalata;Una carreggiata a doppio senso;Asciutto;Asfaltata;Verticale ed orizzontale;Sereno;Normale;Buona;Ore Diurne;0;0;0;3;12,48607;41,8218;-1;1;Autovettura privata;In marcia / fermata / arresto;Conducente;M;Illeso;0;;Non accertato;Inesploso
2733815;12;12/03/2016 15:35;Strada Urbana;VIA FRATELLI LAURANA;all'intersezione con;VIA DELLA DIVISIONE TORINO;VIA DELLA DIVISIONE TORINO;;;Scontro laterale fra veicoli in marcia;Intersezione stradale segnalata;Una carreggiata a doppio senso;Asciutto;Asfaltata;Verticale ed orizzontale;Sereno;Normale;Buona;Ore Diurne;0;0;0;3;12,48607;41,8218;-1;2;Autovettura privata;In marcia / fermata / arresto;Conducente;M;Illeso;0;;Non accertato;Inesploso
2733815;12;12/03/2016 15:35;Strada Urbana;VIA FRATELLI LAURANA;all'intersezione con;VIA DELLA DIVISIONE TORINO;VIA DELLA DIVISIONE TORINO;;;Scontro laterale fra veicoli in marcia;Intersezione stradale segnalata;Una carreggiata a doppio senso;Asciutto;Asfaltata;Verticale ed orizzontale;Sereno;Normale;Buona;Ore Diurne;0;0;0;3;12,48607;41,8218;-1;2;Autovettura privata;In marcia / fermata / arresto;Passeggero;M;Illeso;0;;Non accertato;Inesploso
2733839;23;12/03/2016 15:40;Strada Urbana;VIA CRISTOFORO COLOMBO;all'intersezione semaforizzata con;VIA ERMANNO WOLF FERRARI;VIA ERMANNO WOLF FERRARI;;;Scontro frontale/laterale SX fra veicoli in marcia;Intersezione semaforizzata;Più di due carreggiate;Asciutto;Asfaltata;Verticale ed orizzontale;Sereno;Intenso;Buona;Ore Diurne;1;0;0;3;12,37014;41,75458;-1;1;Autovettura privata;In marcia / fermata / arresto;Conducente;M;Illeso;0;;Non accertato;Inesploso
2733839;23;12/03/2016 15:40;Strada Urbana;VIA CRISTOFORO COLOMBO;all'intersezione semaforizzata con;VIA ERMANNO WOLF FERRARI;VIA ERMANNO WOLF FERRARI;;;Scontro frontale/laterale SX fra veicoli in marcia;Intersezione semaforizzata;Più di due carreggiate;Asciutto;Asfaltata;Verticale ed orizzontale;Sereno;Intenso;Buona;Ore Diurne;1;0;0;3;12,37014;41,75458;-1;1;Autovettura privata;In marcia / fermata / arresto;Passeggero;M;Illeso;0;;Non accertato;Inesploso
2733839;23;12/03/2016 15:40;Strada Urbana;VIA CRISTOFORO COLOMBO;all'intersezione semaforizzata con;VIA ERMANNO WOLF FERRARI;VIA ERMANNO WOLF FERRARI;;;Scontro frontale/laterale SX fra veicoli in marcia;Intersezione semaforizzata;Più di due carreggiate;Asciutto;Asfaltata;Verticale ed orizzontale;Sereno;Intenso;Buona;Ore Diurne;1;0;0;3;12,37014;41,75458;-1;1;Autovettura privata;In marcia / fermata / arresto;Passeggero;F;Illeso;0;;Non accertato;Inesploso
2733839;23;12/03/2016 15:40;Strada Urbana;VIA CRISTOFORO COLOMBO;all'intersezione semaforizzata con;VIA ERMANNO WOLF FERRARI;VIA ERMANNO WOLF FERRARI;;;Scontro frontale/laterale SX fra veicoli in marcia;Intersezione semaforizzata;Più di due carreggiate;Asciutto;Asfaltata;Verticale ed orizzontale;Sereno;Intenso;Buona;Ore Diurne;1;0;0;3;12,37014;41,75458;-1;2;Autovettura privata;In marcia / fermata / arresto;Conducente;F;Rimandato;0;NON DECEDUTO;Non accertato;Inesploso
2733846;12;12/03/2016 16:10;Strada Urbana;VIA DEI REDATTORI;in corrispondenza;;del civico n.;9;;Veicolo in marcia contro ostacolo accidentale;Rettilineo;Una carreggiata a senso unico di marcia;Asciutto;Asfaltata;Verticale ed orizzontale;Sereno;Scarso;Buona;Ore Diurne;0;0;0;1;12,4701;41,76517;-1;1;Autovettura privata;In marcia / fermata / arresto;Conducente;M;Illeso;0;;Non accertato;Inesploso
2733848;12;11/03/2016 08:45;Provinciale;VIA OSTIENSE;da specificare;;;;300 mt. prima del GRA direzione Roma ;Scontro laterale fra veicoli in marcia;Rettilineo;Una carreggiata a doppio senso;Asciutto;Asfaltata;Verticale ed orizzontale;Sereno;Intenso;Buona;Ore Diurne;0;0;0;3;12,45895;41,83686;-1;1;Autovettura privata;In marcia / fermata / arresto;Conducente;M;Illeso;0;;Utilizzato;Inesploso
2733848;12;11/03/2016 08:45;Provinciale;VIA OSTIENSE;da specificare;;;;300 mt. prima del GRA direzione Roma ;Scontro laterale fra veicoli in marcia;Rettilineo;Una carreggiata a doppio senso;Asciutto;Asfaltata;Verticale ed orizzontale;Sereno;Intenso;Buona;Ore Diurne;0;0;0;3;12,45895;41,83686;-1;2;Autovettura privata;In marcia / fermata / arresto;Conducente;M;Illeso;0;;Utilizzato;Inesploso
2733848;12;11/03/2016 08:45;Provinciale;VIA OSTIENSE;da specificare;;;;300 mt. prima del GRA direzione Roma ;Scontro laterale fra veicoli in marcia;Rettilineo;Una carreggiata a doppio senso;Asciutto;Asfaltata;Verticale ed orizzontale;Sereno;Intenso;Buona;Ore Diurne;0;0;0;3;12,45895;41,83686;-1;3;Motociclo a solo;In marcia / fermata / arresto;Conducente;M;Illeso;0;;Utilizzato;
2733855;12;12/03/2016 23:30;Strada Urbana;PIAZZA GUGLIELMO MARCONI;in prossimità;;del civico n.;1;;Scontro laterale fra veicoli in marcia;Rotatoria;Due carreggiate;Asciutto;Asfaltata;Verticale ed orizzontale;Sereno;Normale;Buona;Sufficiente;0;0;0;3;12,47071;41,83386;-1;1;Autovettura privata;In marcia / fermata / arresto;Conducente;M;Illeso;0;;Non accertato;Inesploso
2733855;12;12/03/2016 23:30;Strada Urbana;PIAZZA GUGLIELMO MARCONI;in prossimità;;del civico n.;1;;Scontro laterale fra veicoli in marcia;Rotatoria;Due carreggiate;Asciutto;Asfaltata;Verticale ed orizzontale;Sereno;Normale;Buona;Sufficiente;0;0;0;3;12,47071;41,83386;-1;2;Autovettura privata;In marcia / fermata / arresto;Conducente;F;Illeso;0;;Non accertato;Inesploso
2733855;12;12/03/2016 23:30;Strada Urbana;PIAZZA GUGLIELMO MARCONI;in prossimità;;del civico n.;1;;Scontro laterale fra veicoli in marcia;Rotatoria;Due carreggiate;Asciutto;Asfaltata;Verticale ed orizzontale;Sereno;Normale;Buona;Sufficiente;0;0;0;3;12,47071;41,83386;-1;2;Autovettura privata;In marcia / fermata / arresto;Passeggero;F;Illeso;0;;Utilizzato;Inesploso
2733881;12;12/03/2016 11:00;Strada Urbana;VIADOTTO DELLA MAGLIANA;da specificare;;;;prossimità svincolo Sheraton direzione Fiumicino;Tamponamento;Rettilineo;Due carreggiate;Asciutto;Asfaltata;Verticale ed orizzontale;Sereno;Scarso;Buona;Ore Diurne;1;0;0;4;12,4711;41,84215;-1;1;Autovettura privata;In marcia / fermata / arresto;Conducente;M;Illeso;0;;Non accertato;Inesploso
2733881;12;12/03/2016 11:00;Strada Urbana;VIADOTTO DELLA MAGLIANA;da specificare;;;;prossimità svincolo Sheraton direzione Fiumicino;Tamponamento;Rettilineo;Due carreggiate;Asciutto;Asfaltata;Verticale ed orizzontale;Sereno;Scarso;Buona;Ore Diurne;1;0;0;4;12,4711;41,84215;-1;1;Autovettura privata;In marcia / fermata / arresto;Passeggero;F;Illeso;0;;Non accertato;Inesploso
2733881;12;12/03/2016 11:00;Strada Urbana;VIADOTTO DELLA MAGLIANA;da specificare;;;;prossimità svincolo Sheraton direzione Fiumicino;Tamponamento;Rettilineo;Due carreggiate;Asciutto;Asfaltata;Verticale ed orizzontale;Sereno;Scarso;Buona;Ore Diurne;1;0;0;4;12,4711;41,84215;-1;1;Autovettura privata;In marcia / fermata / arresto;Passeggero;F;Illeso;0;;Non accertato;Inesploso
2733881;12;12/03/2016 11:00;Strada Urbana;VIADOTTO DELLA MAGLIANA;da specificare;;;;prossimità svincolo Sheraton direzione Fiumicino;Tamponamento;Rettilineo;Due carreggiate;Asciutto;Asfaltata;Verticale ed orizzontale;Sereno;Scarso;Buona;Ore Diurne;1;0;0;4;12,4711;41,84215;-1;1;Autovettura privata;In marcia / fermata / arresto;Passeggero;M;Illeso;0;;Non accertato;Inesploso
2733881;12;12/03/2016 11:00;Strada Urbana;VIADOTTO DELLA MAGLIANA;da specificare;;;;prossimità svincolo Sheraton direzione Fiumicino;Tamponamento;Rettilineo;Due carreggiate;Asciutto;Asfaltata;Verticale ed orizzontale;Sereno;Scarso;Buona;Ore Diurne;1;0;0;4;12,4711;41,84215;-1;2;Motociclo a solo;In marcia / fermata / arresto;Conducente;M;Rimandato;0;NON DECEDUTO;Non accertato;
2733906;12;13/03/2016 02:30;Provinciale;VIA DEL MARE;all'intersezione con;VIA DELL'IPPICA;VIA DELL'IPPICA;;;Veicolo in marcia contro ostacolo fisso;Intersezione semaforizzata;Due carreggiate;Asciutto;Asfaltata;Verticale ed orizzontale;Sereno;Scarso;Buona;Sufficiente;4;0;0;2;12,43603;41,81954;-1;1;Autovettura privata;In marcia / fermata / arresto;Conducente;M;Illeso;0;;Non accertato;Inesploso
2733906;12;13/03/2016 02:30;Provinciale;VIA DEL MARE;all'intersezione con;VIA DELL'IPPICA;VIA DELL'IPPICA;;;Veicolo in marcia contro ostacolo fisso;Intersezione semaforizzata;Due carreggiate;Asciutto;Asfaltata;Verticale ed orizzontale;Sereno;Scarso;Buona;Sufficiente;4;0;0;2;12,43603;41,81954;-1;1;Autovettura privata;In marcia / fermata / arresto;Passeggero;F;Illeso;0;;Non accertato;Inesploso
2733906;12;13/03/2016 02:30;Provinciale;VIA DEL MARE;all'intersezione con;VIA DELL'IPPICA;VIA DELL'IPPICA;;;Veicolo in marcia contro ostacolo fisso;Intersezione semaforizzata;Due carreggiate;Asciutto;Asfaltata;Verticale ed orizzontale;Sereno;Scarso;Buona;Sufficiente;4;0;0;2;12,43603;41,81954;-1;2;Autovettura privata;In marcia / fermata / arresto;Conducente;M;Rimandato;0;NON DECEDUTO;Non accertato;Esploso
2733906;12;13/03/2016 02:30;Provinciale;VIA DEL MARE;all'intersezione con;VIA DELL'IPPICA;VIA DELL'IPPICA;;;Veicolo in marcia contro ostacolo fisso;Intersezione semaforizzata;Due carreggiate;Asciutto;Asfaltata;Verticale ed orizzontale;Sereno;Scarso;Buona;Sufficiente;4;0;0;2;12,43603;41,81954;-1;2;Autovettura privata;In marcia / fermata / arresto;Passeggero;F;Rimandato;0;NON DECEDUTO;Non accertato;Inesistente
2733906;12;13/03/2016 02:30;Provinciale;VIA DEL MARE;all'intersezione con;VIA DELL'IPPICA;VIA DELL'IPPICA;;;Veicolo in marcia contro ostacolo fisso;Intersezione semaforizzata;Due carreggiate;Asciutto;Asfaltata;Verticale ed orizzontale;Sereno;Scarso;Buona;Sufficiente;4;0;0;2;12,43603;41,81954;-1;2;Autovettura privata;In marcia / fermata / arresto;Passeggero;M;Rimandato;0;NON DECEDUTO;Non accertato;Inesistente
2733906;12;13/03/2016 02:30;Provinciale;VIA DEL MARE;all'intersezione con;VIA DELL'IPPICA;VIA DELL'IPPICA;;;Veicolo in marcia contro ostacolo fisso;Intersezione semaforizzata;Due carreggiate;Asciutto;Asfaltata;Verticale ed orizzontale;Sereno;Scarso;Buona;Sufficiente;4;0;0;2;12,43603;41,81954;-1;2;Autovettura privata;In marcia / fermata / arresto;Passeggero;F;Rimandato;0;NON DECEDUTO;Non accertato;Inesistente
2733964;12;13/03/2016 15:00;Strada Urbana;VIA MASSIMO MELICONI;da specificare;;;;fronte civico 50;Veicolo in marcia contro veicolo in sosta;Rettilineo;Una carreggiata a doppio senso;Asciutto;Strada pavimentata dissestata;Verticale ed orizzontale;Nuvoloso;Scarso;Buona;Ore Diurne;0;0;0;1;12,4494;41,79961;-1;1;Autovettura privata;In marcia / fermata / arresto;Conducente;M;Illeso;0;;Utilizzato;Inesploso
2733976;9;14/03/2016 15:00;Strada Urbana;Tangenziale Est direzione S. Giovanni;da specificare;;;;sopra via Casilina;Tamponamento Multiplo;Rettilineo;Due carreggiate;Asciutto;Asfaltata;Orizzontale;Sereno;Intenso;Buona;Ore Diurne;0;0;0;5;12,51919;41,88922;-1;1;Autovettura privata;In marcia / fermata / arresto;Conducente;M;Illeso;0;;Non accertato;
2733976;9;14/03/2016 15:00;Strada Urbana;Tangenziale Est direzione S. Giovanni;da specificare;;;;sopra via Casilina;Tamponamento Multiplo;Rettilineo;Due carreggiate;Asciutto;Asfaltata;Orizzontale;Sereno;Intenso;Buona;Ore Diurne;0;0;0;5;12,51919;41,88922;-1;2;Autovettura privata;In marcia / fermata / arresto;Conducente;M;Illeso;0;;Non accertato;
2733976;9;14/03/2016 15:00;Strada Urbana;Tangenziale Est direzione S. Giovanni;da specificare;;;;sopra via Casilina;Tamponamento Multiplo;Rettilineo;Due carreggiate;Asciutto;Asfaltata;Orizzontale;Sereno;Intenso;Buona;Ore Diurne;0;0;0;5;12,51919;41,88922;-1;3;Autovettura privata;In marcia / fermata / arresto;Conducente;M;Illeso;0;;Non accertato;
2733976;9;14/03/2016 15:00;Strada Urbana;Tangenziale Est direzione S. Giovanni;da specificare;;;;sopra via Casilina;Tamponamento Multiplo;Rettilineo;Due carreggiate;Asciutto;Asfaltata;Orizzontale;Sereno;Intenso;Buona;Ore Diurne;0;0;0;5;12,51919;41,88922;-1;3;Autovettura privata;In marcia / fermata / arresto;Passeggero;M;Illeso;0;;Non accertato;
2733976;9;14/03/2016 15:00;Strada Urbana;Tangenziale Est direzione S. Giovanni;da specificare;;;;sopra via Casilina;Tamponamento Multiplo;Rettilineo;Due carreggiate;Asciutto;Asfaltata;Orizzontale;Sereno;Intenso;Buona;Ore Diurne;0;0;0;5;12,51919;41,88922;-1;4;Autovettura privata;In marcia / fermata / arresto;Conducente;M;Illeso;0;;Utilizzato;
2733992;12;14/03/2016 07:30;Strada Urbana;VIA CRISTOFORO COLOMBO;da specificare;;;;alt. Km. 11,000 della via Pontina (Dir. Centro);Scontro laterale fra veicoli in marcia;Rettilineo;Una carreggiata a senso unico di marcia;Asciutto;Asfaltata;Verticale ed orizzontale;Sereno;Intenso;Buona;Ore Diurne;0;0;0;3;12,44704;41,80373;-1;1;Autovettura privata;In marcia / fermata / arresto;Conducente;F;Illeso;0;;Non accertato;Inesploso
2733992;12;14/03/2016 07:30;Strada Urbana;VIA CRISTOFORO COLOMBO;da specificare;;;;alt. Km. 11,000 della via Pontina (Dir. Centro);Scontro laterale fra veicoli in marcia;Rettilineo;Una carreggiata a senso unico di marcia;Asciutto;Asfaltata;Verticale ed orizzontale;Sereno;Intenso;Buona;Ore Diurne;0;0;0;3;12,44704;41,80373;-1;1;Autovettura privata;In marcia / fermata / arresto;Passeggero;M;Illeso;0;;Non accertato;Inesploso
2733992;12;14/03/2016 07:30;Strada Urbana;VIA CRISTOFORO COLOMBO;da specificare;;;;alt. Km. 11,000 della via Pontina (Dir. Centro);Scontro laterale fra veicoli in marcia;Rettilineo;Una carreggiata a senso unico di marcia;Asciutto;Asfaltata;Verticale ed orizzontale;Sereno;Intenso;Buona;Ore Diurne;0;0;0;3;12,44704;41,80373;-1;2;Autovettura privata;In marcia / fermata / arresto;Conducente;F;Illeso;0;;Non accertato;Inesploso
2733999;13;14/03/2016 11:20;Strada Urbana;VIA MARIO BIANCO;da specificare;;;;in prossimità Piazza Alessio;Veicolo in marcia contro ostacolo fisso;Curva a visuale libera;Una carreggiata a doppio senso;Asciutto;Asfaltata;Verticale ed orizzontale;Sereno;Normale;Sufficiente;Ore Diurne;0;0;0;1;12,29357;41,72864;-1;1;Autovettura privata;In marcia / fermata / arresto;Conducente;M;Illeso;0;;Non accertato;Esploso
2734002;18;14/03/2016 09:00;Strada Urbana;VIA DEL PODERE DI S. GIUSTO;all'intersezione con;VIA MONTE DEL MARMO;VIA MONTE DEL MARMO;;;Scontro frontale/laterale DX fra veicoli in marcia;Intersezione stradale segnalata;Più di due carreggiate;Asciutto;Asfaltata;Verticale ed orizzontale;Sereno;Intenso;Buona;Ore Diurne;0;0;0;2;12,39073;41,91824;-1;1;Autocarro inferiore 35 q.;In marcia / fermata / arresto;Conducente;M;Illeso;0;;;
2734002;18;14/03/2016 09:00;Strada Urbana;VIA DEL PODERE DI S. GIUSTO;all'intersezione con;VIA MONTE DEL MARMO;VIA MONTE DEL MARMO;;;Scontro frontale/laterale DX fra veicoli in marcia;Intersezione stradale segnalata;Più di due carreggiate;Asciutto;Asfaltata;Verticale ed orizzontale;Sereno;Intenso;Buona;Ore Diurne;0;0;0;2;12,39073;41,91824;-1;2;Autovettura privata;In marcia / fermata / arresto;Conducente;M;Illeso;0;;;
2734009;17;14/03/2016 15:00;Strada Urbana;CIRCONVALLAZIONE CLODIA;in corrispondenza;;del civico n.;14;;Veicolo in marcia contro ostacolo accidentale;Rettilineo;Una carreggiata a doppio senso;Asciutto;Con buche;Verticale ed orizzontale;Nuvoloso;Normale;Buona;Ore Diurne;0;0;0;1;12,4519;41,91415;-1;1;Autovettura privata;In marcia / fermata / arresto;Conducente;M;Illeso;0;;Utilizzato;Inesploso
2734015;13;14/03/2016 10:50;Strada Urbana;VIALE DEI ROMAGNOLI;all'intersezione con;VIA DELLA CANAPA;VIA DELLA CANAPA;;;Tamponamento;Incrocio;Una carreggiata a senso unico alternato;Asciutto;Asfaltata;Verticale;Sereno;Normale;Buona;Ore Diurne;0;0;0;4;12,36484;41,7858;-1;1;Autovettura privata;In marcia / fermata / arresto;Conducente;F;Illeso;0;;Non accertato;Inesploso
2734015;13;14/03/2016 10:50;Strada Urbana;VIALE DEI ROMAGNOLI;all'intersezione con;VIA DELLA CANAPA;VIA DELLA CANAPA;;;Tamponamento;Incrocio;Una carreggiata a senso unico alternato;Asciutto;Asfaltata;Verticale;Sereno;Normale;Buona;Ore Diurne;0;0;0;4;12,36484;41,7858;-1;2;Autovettura privata;In marcia / fermata / arresto;Conducente;F;Illeso;0;;Non accertato;Inesploso
2734015;13;14/03/2016 10:50;Strada Urbana;VIALE DEI ROMAGNOLI;all'intersezione con;VIA DELLA CANAPA;VIA DELLA CANAPA;;;Tamponamento;Incrocio;Una carreggiata a senso unico alternato;Asciutto;Asfaltata;Verticale;Sereno;Normale;Buona;Ore Diurne;0;0;0;4;12,36484;41,7858;-1;2;Autovettura privata;In marcia / fermata / arresto;Passeggero;F;Illeso;0;;Non accertato;Inesploso
2734015;13;14/03/2016 10:50;Strada Urbana;VIALE DEI ROMAGNOLI;all'intersezione con;VIA DELLA CANAPA;VIA DELLA CANAPA;;;Tamponamento;Incrocio;Una carreggiata a senso unico alternato;Asciutto;Asfaltata;Verticale;Sereno;Normale;Buona;Ore Diurne;0;0;0;4;12,36484;41,7858;-1;2;Autovettura privata;In marcia / fermata / arresto;Passeggero;F;Illeso;0;;Non accertato;Inesploso
2734049;12;14/03/2016 12:15;Strada Urbana;VIA SALVATORE QUASIMODO;all'intersezione con;VIA GIUSEPPE TOMASI DI LAMPEDUSA;VIA GIUSEPPE TOMASI DI LAMPEDUSA;;;Scontro frontale/laterale DX fra veicoli in marcia;Incrocio;Due carreggiate;Asciutto;Asfaltata;Verticale ed orizzontale;Sereno;Normale;Buona;Ore Diurne;1;0;0;2;12,47131;41,81605;-1;1;Autovettura privata;In marcia / fermata / arresto;Conducente;F;Ricoverato;0;NON DECEDUTO;Non accertato;Esploso
2734049;12;14/03/2016 12:15;Strada Urbana;VIA SALVATORE QUASIMODO;all'intersezione con;VIA GIUSEPPE TOMASI DI LAMPEDUSA;VIA GIUSEPPE TOMASI DI LAMPEDUSA;;;Scontro frontale/laterale DX fra veicoli in marcia;Incrocio;Due carreggiate;Asciutto;Asfaltata;Verticale ed orizzontale;Sereno;Normale;Buona;Ore Diurne;1;0;0;2;12,47131;41,81605;-1;1;Autovettura privata;In marcia / fermata / arresto;Passeggero;M;Illeso;0;;Non accertato;Esploso
2734049;12;14/03/2016 12:15;Strada Urbana;VIA SALVATORE QUASIMODO;all'intersezione con;VIA GIUSEPPE TOMASI DI LAMPEDUSA;VIA GIUSEPPE TOMASI DI LAMPEDUSA;;;Scontro frontale/laterale DX fra veicoli in marcia;Incrocio;Due carreggiate;Asciutto;Asfaltata;Verticale ed orizzontale;Sereno;Normale;Buona;Ore Diurne;1;0;0;2;12,47131;41,81605;-1;2;Autovettura privata;In marcia / fermata / arresto;Conducente;M;Illeso;0;;Non accertato;Inesploso
2734058;13;14/03/2016 14:10;Strada Urbana;VIADOTTO ZELIA NUTTALL;da specificare;;;;in corrisp.  rampa di accesso a V.le dei Romagnoli;Scontro laterale fra veicoli in marcia;Rettilineo;Due carreggiate;Asciutto;Asfaltata;Verticale ed orizzontale;Sereno;Normale;Buona;Ore Diurne;0;0;0;3;12,33652;41,77457;-1;1;Autovettura privata;In marcia / fermata / arresto;Conducente;M;Illeso;0;;Non accertato;Inesploso
2734058;13;14/03/2016 14:10;Strada Urbana;VIADOTTO ZELIA NUTTALL;da specificare;;;;in corrisp.  rampa di accesso a V.le dei Romagnoli;Scontro laterale fra veicoli in marcia;Rettilineo;Due carreggiate;Asciutto;Asfaltata;Verticale ed orizzontale;Sereno;Normale;Buona;Ore Diurne;0;0;0;3;12,33652;41,77457;-1;2;Autovettura privata;In marcia / fermata / arresto;Conducente;F;Illeso;0;;Non accertato;Inesploso
2734058;13;14/03/2016 14:10;Strada Urbana;VIADOTTO ZELIA NUTTALL;da specificare;;;;in corrisp.  rampa di accesso a V.le dei Romagnoli;Scontro laterale fra veicoli in marcia;Rettilineo;Due carreggiate;Asciutto;Asfaltata;Verticale ed orizzontale;Sereno;Normale;Buona;Ore Diurne;0;0;0;3;12,33652;41,77457;-1;2;Autovettura privata;In marcia / fermata / arresto;Passeggero;F;Illeso;0;;Non accertato;Inesploso
2734122;23;13/03/2016 22:30;Comunale extraurbana;VIA CRISTOFORO COLOMBO;all'intersezione con;VIA DI ACILIA;VIA DI ACILIA;;;Tamponamento;Intersezione semaforizzata;Due carreggiate;Asciutto;Asfaltata;Verticale ed orizzontale;Sereno;Scarso;Buona;Sufficiente;0;0;0;5;12,38319;41,76517;-1;1;Autovettura privata;In marcia / fermata / arresto;Conducente;M;Illeso;0;;Utilizzato;Inesploso