Protocollo;Gruppo;DataOraIncidente;Localizzazione1;STRADA1;Localizzazione2;STRADA2;Strada02;Chilometrica;DaSpecificare;NaturaIncidente;particolaritastrade;TipoStrada;FondoStradale;Pavimentazione;Segnaletica;CondizioneAtmosferica;Traffico;Visibilita;Illuminazione;NUM_FERITI;NUM_RISERVATA;NUM_MORTI;NUM_ILLESI;Longitudine;Latitudine;Confermato;Progressivo;TipoVeicolo;StatoVeicolo;TipoPersona;Sesso;Tipolesione;Deceduto;DecedutoDopo;CinturaCascoUtilizzato;Airbag
2742249;13;19/03/2016 06:15;Strada Urbana;VIA LUDOVICO DE FILIPPI;all'intersezione con;VIA ANGELO OLIVIERI;VIA ANGELO OLIVIERI;;;Scontro frontale/laterale DX fra veicoli in marcia;Incrocio;Una carreggiata a doppio senso;Asciutto;Asfaltata;Verticale;Sereno;Normale;Buona;Ore Diurne;2;0;0;0;12,28958;41,73381;-1;1;Autovettura privata;In marcia / fermata / arresto;Conducente;F;Rimandato;0;NON DECEDUTO;Non accertato;Inesploso
2742249;13;19/03/2016 06:15;Strada Urbana;VIA LUDOVICO DE FILIPPI;all'intersezione con;VIA ANGELO OLIVIERI;VIA ANGELO OLIVIERI;;;Scontro frontale/laterale DX fra veicoli in marcia;Incrocio;Una carreggiata a doppio senso;Asciutto;Asfaltata;Verticale;Sereno;Normale;Buona;Ore Diurne;2;0;0;0;12,28958;41,73381;-1;2;Autovettura privata;In marcia / fermata / arresto;Conducente;F;Rimandato;0;NON DECEDUTO;Non accertato;Inesploso
2742250;13;19/03/2016 20:40;Strada Urbana;VIALE CHARLES LENORMANT;in prossimità;;del civico n.;240;;Veicolo in marcia contro ostacolo accidentale;Rotatoria;Una carreggiata a senso unico di marcia;Asciutto;Asfaltata;Verticale;Sereno;Scarso;Buona;Insufficiente;0;0;0;2;12,33475;41,77471;-1;1;Autovettura privata;In marcia / fermata / arresto;Conducente;M;Illeso;0;;;
2742250;13;19/03/2016 20:40;Strada Urbana;VIALE CHARLES LENORMANT;in prossimità;;del civico n.;240;;Veicolo in marcia contro ostacolo accidentale;Rotatoria;Una carreggiata a senso unico di marcia;Asciutto;Asfaltata;Verticale;Sereno;Scarso;Buona;Insufficiente;0;0;0;2;12,33475;41,77471;-1;1;Autovettura privata;In marcia / fermata / arresto;Passeggero;M;Illeso;0;;;
2742251;13;19/03/2016 18:50;Strada Urbana;VIA ERMANNO WOLF FERRARI;da specificare;;;;altezza distributore ESSO;Scontro frontale/laterale DX fra veicoli in marcia;Rettilineo;Una carreggiata a doppio senso;Asciutto;Asfaltata;Assente;Sereno;Normale;Buona;Sufficiente;0;0;0;2;12,37018;41,75445;-1;1;Autovettura privata;In marcia / fermata / arresto;Conducente;F;Illeso;0;;;
2742251;13;19/03/2016 18:50;Strada Urbana;VIA ERMANNO WOLF FERRARI;da specificare;;;;altezza distributore ESSO;Scontro frontale/laterale DX fra veicoli in marcia;Rettilineo;Una carreggiata a doppio senso;Asciutto;Asfaltata;Assente;Sereno;Normale;Buona;Sufficiente;0;0;0;2;12,37018;41,75445;-1;2;Autovettura privata;In marcia / fermata / arresto;Conducente;F;Illeso;0;;;
2742261;13;20/03/2016 14:45;Strada Urbana;PIAZZA S. LEONARDO DA PORTO MAURIZIO;all'intersezione con;VIA DI ACILIA;VIA DI ACILIA;;;Scontro laterale fra veicoli in marcia;Incrocio;Una carreggiata a senso unico alternato;Asciutto;Asfaltata;Verticale ed orizzontale;Sereno;Normale;Buona;Ore Diurne;3;0;0;1;12,3653;41,78316;-1;1;Autovettura privata;In marcia / fermata / arresto;Conducente;F;Rimandato;0;NON DECEDUTO;Non accertato;Inesploso
2742261;13;20/03/2016 14:45;Strada Urbana;PIAZZA S. LEONARDO DA PORTO MAURIZIO;all'intersezione con;VIA DI ACILIA;VIA DI ACILIA;;;Scontro laterale fra veicoli in marcia;Incrocio;Una carreggiata a senso unico alternato;Asciutto;Asfaltata;Verticale ed orizzontale;Sereno;Normale;Buona;Ore Diurne;3;0;0;1;12,3653;41,78316;-1;1;Autovettura privata;In marcia / fermata / arresto;Passeggero;M;Rimandato;0;NON DECEDUTO;;
2742261;13;20/03/2016 14:45;Strada Urbana;PIAZZA S. LEONARDO DA PORTO MAURIZIO;all'intersezione con;VIA DI ACILIA;VIA DI ACILIA;;;Scontro laterale fra veicoli in marcia;Incrocio;Una carreggiata a senso unico alternato;Asciutto;Asfaltata;Verticale ed orizzontale;Sereno;Normale;Buona;Ore Diurne;3;0;0;1;12,3653;41,78316;-1;2;Autocarro inferiore 35 q.;In marcia / fermata / arresto;Conducente;M;Illeso;0;;Non accertato;Inesploso
2742261;13;20/03/2016 14:45;Strada Urbana;PIAZZA S. LEONARDO DA PORTO MAURIZIO;all'intersezione con;VIA DI ACILIA;VIA DI ACILIA;;;Scontro laterale fra veicoli in marcia;Incrocio;Una carreggiata a senso unico alternato;Asciutto;Asfaltata;Verticale ed orizzontale;Sereno;Normale;Buona;Ore Diurne;3;0;0;1;12,3653;41,78316;-1;2;Autocarro inferiore 35 q.;In marcia / fermata / arresto;Passeggero;M;Rimandato;0;NON DECEDUTO;;
2742270;10;18/03/2016 06:25;Strada Urbana;VIA APPIA NUOVA;in corrispondenza;;del civico n.;1009;;Tamponamento;Rettilineo;Due carreggiate;Asciutto;Asfaltata;Verticale ed orizzontale;Nuvoloso;Normale;Buona;Ore Diurne;1;0;0;1;12,55361;41,83358;-1;1;Autovettura privata;In marcia / fermata / arresto;Conducente;M;Illeso;0;;Non accertato;Inesploso
2742270;10;18/03/2016 06:25;Strada Urbana;VIA APPIA NUOVA;in corrispondenza;;del civico n.;1009;;Tamponamento;Rettilineo;Due carreggiate;Asciutto;Asfaltata;Verticale ed orizzontale;Nuvoloso;Normale;Buona;Ore Diurne;1;0;0;1;12,55361;41,83358;-1;2;Autovettura privata;In marcia / fermata / arresto;Conducente;M;Rimandato;0;NON DECEDUTO;Non accertato;Inesploso
2742272;10;18/03/2016 07:15;Strada Urbana;VIALE BRUNO PELIZZI;all'intersezione con;VIA RAIMONDO SCINTU;VIA RAIMONDO SCINTU;;;Scontro laterale fra veicoli in marcia;Rotatoria;Una carreggiata a senso unico di marcia;Asciutto;Asfaltata;Verticale;Nuvoloso;Intenso;Buona;Ore Diurne;0;0;0;2;12,58215;41,85216;-1;1;Autovettura privata;In marcia / fermata / arresto;Conducente;F;Illeso;0;;Non accertato;Inesploso
2742272;10;18/03/2016 07:15;Strada Urbana;VIALE BRUNO PELIZZI;all'intersezione con;VIA RAIMONDO SCINTU;VIA RAIMONDO SCINTU;;;Scontro laterale fra veicoli in marcia;Rotatoria;Una carreggiata a senso unico di marcia;Asciutto;Asfaltata;Verticale;Nuvoloso;Intenso;Buona;Ore Diurne;0;0;0;2;12,58215;41,85216;-1;2;Autovettura privata;In marcia / fermata / arresto;Conducente;M;Illeso;0;;Non accertato;Inesploso
2742274;10;18/03/2016 10:15;Strada Urbana;PIAZZA CASTROLIBERO;in prossimità;;del civico n.;18;;Scontro frontale/laterale DX fra veicoli in marcia;Rotatoria;Una carreggiata a doppio senso;Asciutto;Asfaltata;Verticale ed orizzontale;Sereno;Normale;Buona;Ore Diurne;0;0;0;2;12,61025;41,82266;-1;1;Autovettura privata;In marcia / fermata / arresto;Conducente;M;Illeso;0;;Non accertato;Inesploso
2742274;10;18/03/2016 10:15;Strada Urbana;PIAZZA CASTROLIBERO;in prossimità;;del civico n.;18;;Scontro frontale/laterale DX fra veicoli in marcia;Rotatoria;Una carreggiata a doppio senso;Asciutto;Asfaltata;Verticale ed orizzontale;Sereno;Normale;Buona;Ore Diurne;0;0;0;2;12,61025;41,82266;-1;2;Autovettura privata;In marcia / fermata / arresto;Conducente;M;Illeso;0;;Non accertato;Inesploso
2742275;10;18/03/2016 11:00;Strada Urbana;VIALE ANTONIO CIAMARRA;in prossimità;;del civico n.;63;;Investimento di pedone;Rettilineo;Una carreggiata a senso unico di marcia;Asciutto;Asfaltata;Verticale ed orizzontale;Nuvoloso;Normale;Buona;Ore Diurne;2;0;0;2;12,59138;41,84901;-1;;;;Pedone;M;Rimandato;0;NON DECEDUTO;;
2742275;10;18/03/2016 11:00;Strada Urbana;VIALE ANTONIO CIAMARRA;in prossimità;;del civico n.;63;;Investimento di pedone;Rettilineo;Una carreggiata a senso unico di marcia;Asciutto;Asfaltata;Verticale ed orizzontale;Nuvoloso;Normale;Buona;Ore Diurne;2;0;0;2;12,59138;41,84901;-1;;;;Pedone;F;Rimandato;0;NON DECEDUTO;;
2742275;10;18/03/2016 11:00;Strada Urbana;VIALE ANTONIO CIAMARRA;in prossimità;;del civico n.;63;;Investimento di pedone;Rettilineo;Una carreggiata a senso unico di marcia;Asciutto;Asfaltata;Verticale ed orizzontale;Nuvoloso;Normale;Buona;Ore Diurne;2;0;0;2;12,59138;41,84901;-1;1;Autovettura privata;In marcia / fermata / arresto;Conducente;F;Illeso;0;;Non accertato;Inesploso
2742275;10;18/03/2016 11:00;Strada Urbana;VIALE ANTONIO CIAMARRA;in prossimità;;del civico n.;63;;Investimento di pedone;Rettilineo;Una carreggiata a senso unico di marcia;Asciutto;Asfaltata;Verticale ed orizzontale;Nuvoloso;Normale;Buona;Ore Diurne;2;0;0;2;12,59138;41,84901;-1;1;Autovettura privata;In marcia / fermata / arresto;Passeggero;M;Illeso;0;;Non accertato;Inesploso
2742278;10;18/03/2016 16:15;Strada Urbana;PIAZZA QUINTO CURZIO;all'intersezione con;VIA ORAZIO PULVILLO;VIA ORAZIO PULVILLO;;;Scontro laterale fra veicoli in marcia;Intersezione stradale segnalata;Una carreggiata a senso unico di marcia;Asciutto;Asfaltata;Verticale ed orizzontale;Sereno;Normale;Buona;Ore Diurne;0;0;0;3;12,56879;41,85552;-1;1;Autovettura privata;In marcia / fermata / arresto;Conducente;F;Illeso;0;;Non accertato;Inesploso
2742278;10;18/03/2016 16:15;Strada Urbana;PIAZZA QUINTO CURZIO;all'intersezione con;VIA ORAZIO PULVILLO;VIA ORAZIO PULVILLO;;;Scontro laterale fra veicoli in marcia;Intersezione stradale segnalata;Una carreggiata a senso unico di marcia;Asciutto;Asfaltata;Verticale ed orizzontale;Sereno;Normale;Buona;Ore Diurne;0;0;0;3;12,56879;41,85552;-1;1;Autovettura privata;In marcia / fermata / arresto;Passeggero;F;Illeso;0;;Non accertato;Inesploso
2742278;10;18/03/2016 16:15;Strada Urbana;PIAZZA QUINTO CURZIO;all'intersezione con;VIA ORAZIO PULVILLO;VIA ORAZIO PULVILLO;;;Scontro laterale fra veicoli in marcia;Intersezione stradale segnalata;Una carreggiata a senso unico di marcia;Asciutto;Asfaltata;Verticale ed orizzontale;Sereno;Normale;Buona;Ore Diurne;0;0;0;3;12,56879;41,85552;-1;2;Autobus urbano;In marcia / fermata / arresto;Conducente;M;Illeso;0;;Non accertato;Inesploso
2742282;9;19/03/2016 14:30;Strada Urbana;PIAZZA DEI RE DI ROMA;all'intersezione con;LARGO VERCELLI;LARGO VERCELLI;;;Veicolo in marcia contro ostacolo fisso;Rotatoria;Una carreggiata a doppio senso;Asciutto;Asfaltata;Verticale ed orizzontale;Sereno;Normale;Buona;Ore Diurne;0;0;0;1;12,51485;41,88158;-1;1;Autovettura privata;In marcia / fermata / arresto;Conducente;M;Illeso;0;;Non accertato;Inesistente
2742284;10;18/03/2016 18:30;Provinciale;VIA ANAGNINA;da specificare;;;;"cavalcavia altezza ""IKEA"" innesto G.R.A.";Scontro laterale fra veicoli in marcia;Rettilineo;Una carreggiata a senso unico di marcia;Asciutto;Asfaltata;Verticale ed orizzontale;Sereno;Normale;Buona;Sufficiente;2;0;0;1;12,59159;41,83809;-1;1;Autovettura privata;In marcia / fermata / arresto;Conducente;M;Illeso;0;;Non accertato;Inesploso
2742284;10;18/03/2016 18:30;Provinciale;VIA ANAGNINA;da specificare;;;;"cavalcavia altezza ""IKEA"" innesto G.R.A.";Scontro laterale fra veicoli in marcia;Rettilineo;Una carreggiata a senso unico di marcia;Asciutto;Asfaltata;Verticale ed orizzontale;Sereno;Normale;Buona;Sufficiente;2;0;0;1;12,59159;41,83809;-1;2;Motociclo con passeggero;In marcia / fermata / arresto;Conducente;M;Rimandato;0;NON DECEDUTO;Non accertato;
2742284;10;18/03/2016 18:30;Provinciale;VIA ANAGNINA;da specificare;;;;"cavalcavia altezza ""IKEA"" innesto G.R.A.";Scontro laterale fra veicoli in marcia;Rettilineo;Una carreggiata a senso unico di marcia;Asciutto;Asfaltata;Verticale ed orizzontale;Sereno;Normale;Buona;Sufficiente;2;0;0;1;12,59159;41,83809;-1;2;Motociclo con passeggero;In marcia / fermata / arresto;Passeggero;F;Rimandato;0;NON DECEDUTO;Non accertato;
2742285;10;18/03/2016 19:10;Strada Urbana;VIA ERODE ATTICO;all'intersezione con;VIA ATIMETO;VIA ATIMETO;;;Scontro frontale/laterale DX fra veicoli in marcia;Incrocio;Una carreggiata a doppio senso;Asciutto;Asfaltata;Verticale ed orizzontale;Sereno;Intenso;Buona;Sufficiente;1;0;0;1;12,54373;41,83936;-1;1;Autovettura privata;In marcia / fermata / arresto;Conducente;M;Illeso;0;;Non accertato;Inesploso
2742285;10;18/03/2016 19:10;Strada Urbana;VIA ERODE ATTICO;all'intersezione con;VIA ATIMETO;VIA ATIMETO;;;Scontro frontale/laterale DX fra veicoli in marcia;Incrocio;Una carreggiata a doppio senso;Asciutto;Asfaltata;Verticale ed orizzontale;Sereno;Intenso;Buona;Sufficiente;1;0;0;1;12,54373;41,83936;-1;2;Motociclo a solo;In marcia / fermata / arresto;Conducente;M;Ricoverato;0;NON DECEDUTO;Non accertato;
2742290;10;19/03/2016 10:45;Strada Urbana;VIALE ROLANDO VIGNALI;da specificare;;;;FRONTE CIVICO 15;Scontro laterale fra veicoli in marcia;Rettilineo;Due carreggiate;Asciutto;Asfaltata;Verticale ed orizzontale;Sereno;Normale;Buona;Ore Diurne;2;0;0;2;12,58019;41,85686;-1;1;Autovettura privata;In marcia / fermata / arresto;Conducente;F;Illeso;0;;Non accertato;Inesploso
2742290;10;19/03/2016 10:45;Strada Urbana;VIALE ROLANDO VIGNALI;da specificare;;;;FRONTE CIVICO 15;Scontro laterale fra veicoli in marcia;Rettilineo;Due carreggiate;Asciutto;Asfaltata;Verticale ed orizzontale;Sereno;Normale;Buona;Ore Diurne;2;0;0;2;12,58019;41,85686;-1;1;Autovettura privata;In marcia / fermata / arresto;Passeggero;M;Illeso;0;;Non accertato;Inesploso
2742290;10;19/03/2016 10:45;Strada Urbana;VIALE ROLANDO VIGNALI;da specificare;;;;FRONTE CIVICO 15;Scontro laterale fra veicoli in marcia;Rettilineo;Due carreggiate;Asciutto;Asfaltata;Verticale ed orizzontale;Sereno;Normale;Buona;Ore Diurne;2;0;0;2;12,58019;41,85686;-1;2;Motociclo con passeggero;In marcia / fermata / arresto;Conducente;M;Rimandato;0;NON DECEDUTO;Non accertato;
2742290;10;19/03/2016 10:45;Strada Urbana;VIALE ROLANDO VIGNALI;da specificare;;;;FRONTE CIVICO 15;Scontro laterale fra veicoli in marcia;Rettilineo;Due carreggiate;Asciutto;Asfaltata;Verticale ed orizzontale;Sereno;Normale;Buona;Ore Diurne;2;0;0;2;12,58019;41,85686;-1;2;Motociclo con passeggero;In marcia / fermata / arresto;Passeggero;F;Rimandato;0;NON DECEDUTO;Non accertato;
2742293;9;19/03/2016 18:20;Strada Urbana;VIA POMEZIA;da specificare;;;;fr. civ. 2;Tamponamento;Rettilineo;Una carreggiata a senso unico di marcia;Asciutto;Asfaltata;Verticale ed orizzontale;Sereno;Normale;Buona;Sufficiente;0;0;0;4;12,51168;41,88049;-1;1;Autovettura privata;In marcia / fermata / arresto;Conducente;M;Illeso;0;;Non accertato;Inesploso
2742293;9;19/03/2016 18:20;Strada Urbana;VIA POMEZIA;da specificare;;;;fr. civ. 2;Tamponamento;Rettilineo;Una carreggiata a senso unico di marcia;Asciutto;Asfaltata;Verticale ed orizzontale;Sereno;Normale;Buona;Sufficiente;0;0;0;4;12,51168;41,88049;-1;2;Autovettura privata;In marcia / fermata / arresto;Conducente;M;Illeso;0;;Non accertato;Inesploso
2742293;9;19/03/2016 18:20;Strada Urbana;VIA POMEZIA;da specificare;;;;fr. civ. 2;Tamponamento;Rettilineo;Una carreggiata a senso unico di marcia;Asciutto;Asfaltata;Verticale ed orizzontale;Sereno;Normale;Buona;Sufficiente;0;0;0;4;12,51168;41,88049;-1;2;Autovettura privata;In marcia / fermata / arresto;Passeggero;F;Illeso;0;;Non accertato;Inesploso
2742293;9;19/03/2016 18:20;Strada Urbana;VIA POMEZIA;da specificare;;;;fr. civ. 2;Tamponamento;Rettilineo;Una carreggiata a senso unico di marcia;Asciutto;Asfaltata;Verticale ed orizzontale;Sereno;Normale;Buona;Sufficiente;0;0;0;4;12,51168;41,88049;-1;2;Autovettura privata;In marcia / fermata / arresto;Passeggero;F;Illeso;0;;Non accertato;Inesploso
2742310;9;20/03/2016 12:55;Strada Urbana;VIA POMEZIA;all'intersezione con;VIA ETRURIA;VIA ETRURIA;;;Scontro frontale/laterale DX fra veicoli in marcia;Incrocio;Una carreggiata a senso unico di marcia;Asciutto;Asfaltata;Verticale ed orizzontale;Sereno;Normale;Buona;Ore Diurne;1;0;0;1;12,51168;41,88049;-1;1;Autovettura privata;In marcia / fermata / arresto;Conducente;F;Illeso;0;;Non accertato;Inesploso
2742310;9;20/03/2016 12:55;Strada Urbana;VIA POMEZIA;all'intersezione con;VIA ETRURIA;VIA ETRURIA;;;Scontro frontale/laterale DX fra veicoli in marcia;Incrocio;Una carreggiata a senso unico di marcia;Asciutto;Asfaltata;Verticale ed orizzontale;Sereno;Normale;Buona;Ore Diurne;1;0;0;1;12,51168;41,88049;-1;2;Motociclo a solo;In marcia / fermata / arresto;Conducente;M;Rimandato;0;NON DECEDUTO;Non accertato;
2742318;8;19/03/2016 08:00;Strada Urbana;VIA CASILINA;da specificare;;;;anello GRA DIR. FUORI ROMA;Veicolo in marcia contro ostacolo accidentale;Curva senza visuale libera;Due carreggiate;Viscido da liquidi oleosi;Asfaltata;Verticale ed orizzontale;Sereno;Normale;Buona;Ore Diurne;1;0;0;1;12,60212;41,86481;-1;1;Motociclo a solo;In marcia / fermata / arresto;Conducente;M;Rifiuta cure immediate;0;NON DECEDUTO;Non accertato;
2742318;8;19/03/2016 08:00;Strada Urbana;VIA CASILINA;da specificare;;;;anello GRA DIR. FUORI ROMA;Veicolo in marcia contro ostacolo accidentale;Curva senza visuale libera;Due carreggiate;Viscido da liquidi oleosi;Asfaltata;Verticale ed orizzontale;Sereno;Normale;Buona;Ore Diurne;1;0;0;1;12,60212;41,86481;-1;2;Autocarro superiore 35 q.;In marcia / fermata / arresto;Conducente;M;Illeso;0;;Non accertato;Inesploso
2742323;8;19/03/2016 11:05;Strada Urbana;VIA DELL'ARCHEOLOGIA;in prossimità;;del civico n.;90;;Veicolo in marcia contro ostacolo accidentale;Rettilineo;Una carreggiata a doppio senso;Asciutto;Asfaltata;Verticale ed orizzontale;Sereno;Normale;Buona;Ore Diurne;1;0;0;1;12,62977;41,87831;-1;1;Autobus di linea;In marcia / fermata / arresto;Conducente;M;Illeso;0;;Non accertato;Inesploso
2742323;8;19/03/2016 11:05;Strada Urbana;VIA DELL'ARCHEOLOGIA;in prossimità;;del civico n.;90;;Veicolo in marcia contro ostacolo accidentale;Rettilineo;Una carreggiata a doppio senso;Asciutto;Asfaltata;Verticale ed orizzontale;Sereno;Normale;Buona;Ore Diurne;1;0;0;1;12,62977;41,87831;-1;1;Autobus di linea;In marcia / fermata / arresto;Passeggero;F;Rifiuta cure immediate;0;NON DECEDUTO;Esente;Inesistente
2742326;9;19/03/2016 04:30;Strada Urbana;VIALE PALMIRO TOGLIATTI;in corrispondenza;;del civico n.;991;;Veicolo in marcia contro veicoli in sosta;Rettilineo;Due carreggiate;Asciutto;Asfaltata;Verticale;Sereno;Normale;Buona;Sufficiente;3;0;0;0;12,57435;41,89397;-1;1;Autovettura privata;In marcia / fermata / arresto;Conducente;F;Rimandato;0;NON DECEDUTO;Non accertato;Inesploso
2742326;9;19/03/2016 04:30;Strada Urbana;VIALE PALMIRO TOGLIATTI;in corrispondenza;;del civico n.;991;;Veicolo in marcia contro veicoli in sosta;Rettilineo;Due carreggiate;Asciutto;Asfaltata;Verticale;Sereno;Normale;Buona;Sufficiente;3;0;0;0;12,57435;41,89397;-1;1;Autovettura privata;In marcia / fermata / arresto;Passeggero;F;Rimandato;0;NON DECEDUTO;Non accertato;Inesploso
2742326;9;19/03/2016 04:30;Strada Urbana;VIALE PALMIRO TOGLIATTI;in corrispondenza;;del civico n.;991;;Veicolo in marcia contro veicoli in sosta;Rettilineo;Due carreggiate;Asciutto;Asfaltata;Verticale;Sereno;Normale;Buona;Sufficiente;3;0;0;0;12,57435;41,89397;-1;1;Autovettura privata;In marcia / fermata / arresto;Passeggero;M;Rimandato;0;NON DECEDUTO;Non accertato;Inesploso
2742331;8;19/03/2016 14:00;Strada Urbana;VIA DI LUNGHEZZINA;in prossimità;;del palo luce n.;281;;Veicolo in marcia contro ostacolo accidentale;Rettilineo;Una carreggiata a doppio senso;Asciutto;Asfaltata;Verticale ed orizzontale;Sereno;Scarso;Buona;Ore Diurne;1;0;0;0;12,72717;41,91119;-1;1;Autovettura privata;In marcia / fermata / arresto;Conducente;F;Rimandato;0;NON DECEDUTO;Non accertato;Inesploso
2742337;8;19/03/2016 14:50;Strada Urbana;VIA DEL FRINGUELLO;in prossimità;;del civico n.;18;;Veicolo in marcia contro ostacolo accidentale;Rettilineo;Una carreggiata a senso unico di marcia;Asciutto;Asfaltata;Assente;Sereno;Normale;Buona;Ore Diurne;0;0;0;1;12,59651;41,86873;-1;1;Autovettura privata;In marcia / fermata / arresto;Conducente;M;Illeso;0;;Non accertato;Inesploso
2742342;18;18/03/2016 16:50;Strada Urbana;VIA GREGORIO VII;da specificare;;;;all'altezza di Via Sergio I;Tamponamento;Rettilineo;Due carreggiate;Asciutto;Asfaltata;Verticale ed orizzontale;Sereno;Normale;Buona;Ore Diurne;0;0;0;5;12,45115;41,89871;-1;1;Autovettura privata;In marcia / fermata / arresto;Passeggero;F;Illeso;0;;Non accertato;Inesploso
2742342;18;18/03/2016 16:50;Strada Urbana;VIA GREGORIO VII;da specificare;;;;all'altezza di Via Sergio I;Tamponamento;Rettilineo;Due carreggiate;Asciutto;Asfaltata;Verticale ed orizzontale;Sereno;Normale;Buona;Ore Diurne;0;0;0;5;12,45115;41,89871;-1;1;Autovettura privata;In marcia / fermata / arresto;Passeggero;F;Illeso;0;;Non accertato;Inesploso
2742342;18;18/03/2016 16:50;Strada Urbana;VIA GREGORIO VII;da specificare;;;;all'altezza di Via Sergio I;Tamponamento;Rettilineo;Due carreggiate;Asciutto;Asfaltata;Verticale ed orizzontale;Sereno;Normale;Buona;Ore Diurne;0;0;0;5;12,45115;41,89871;-1;1;Autovettura privata;In marcia / fermata / arresto;Conducente;F;Illeso;0;;Non accertato;Inesploso
2742342;18;18/03/2016 16:50;Strada Urbana;VIA GREGORIO VII;da specificare;;;;all'altezza di Via Sergio I;Tamponamento;Rettilineo;Due carreggiate;Asciutto;Asfaltata;Verticale ed orizzontale;Sereno;Normale;Buona;Ore Diurne;0;0;0;5;12,45115;41,89871;-1;1;Autovettura privata;In marcia / fermata / arresto;Passeggero;M;Illeso;0;;Non accertato;Inesploso
2742342;18;18/03/2016 16:50;Strada Urbana;VIA GREGORIO VII;da specificare;;;;all'altezza di Via Sergio I;Tamponamento;Rettilineo;Due carreggiate;Asciutto;Asfaltata;Verticale ed orizzontale;Sereno;Normale;Buona;Ore Diurne;0;0;0;5;12,45115;41,89871;-1;2;Autovettura privata;In marcia / fermata / arresto;Conducente;M;Illeso;0;;Non accertato;Inesploso
2742346;5;18/03/2016 09:15;Strada Urbana;VIA TIBURTINA;in prossimità;;del civico n.;1000;;Scontro laterale fra veicoli in marcia;Rettilineo;Due carreggiate;Asciutto;Asfaltata;Orizzontale;Sereno;Normale;Buona;Ore Diurne;1;0;0;1;12,57748;41,93002;-1;1;Motociclo a solo;In marcia / fermata / arresto;Conducente;M;Rimandato;0;NON DECEDUTO;Non accertato;
2742346;5;18/03/2016 09:15;Strada Urbana;VIA TIBURTINA;in prossimità;;del civico n.;1000;;Scontro laterale fra veicoli in marcia;Rettilineo;Due carreggiate;Asciutto;Asfaltata;Orizzontale;Sereno;Normale;Buona;Ore Diurne;1;0;0;1;12,57748;41,93002;-1;2;Autovettura privata;In marcia / fermata / arresto;Conducente;F;Illeso;0;;Non accertato;
2742349;8;19/03/2016 16:35;Strada Urbana;VIALE PIETRO ANDERLONI;da specificare;;;;RAMPA DISCESA TOR BELLA MONACA;Veicolo in marcia contro ostacolo accidentale;Rettilineo;Una carreggiata a senso unico di marcia;Asciutto;Asfaltata;Temporanea di cantiere;Sereno;Normale;Buona;Ore Diurne;0;0;0;1;12,62969;41,87462;-1;1;Autovettura privata;In marcia / fermata / arresto;Conducente;F;Illeso;0;;Non accertato;Inesploso
2742351;11;20/03/2016 18:00;Strada Urbana;VIA DEL PORTO FLUVIALE;all'intersezione semaforizzata con;VIA DELLE CONCE;VIA DELLE CONCE;;;Scontro laterale fra veicoli in marcia;Intersezione semaforizzata;Due carreggiate;Asciutto;Asfaltata;Verticale ed orizzontale;Sereno;Intenso;Buona;Sufficiente;1;0;0;2;12,47873;41,87241;-1;1;Autovettura privata;In marcia / fermata / arresto;Conducente;M;Illeso;0;;;
2742351;11;20/03/2016 18:00;Strada Urbana;VIA DEL PORTO FLUVIALE;all'intersezione semaforizzata con;VIA DELLE CONCE;VIA DELLE CONCE;;;Scontro laterale fra veicoli in marcia;Intersezione semaforizzata;Due carreggiate;Asciutto;Asfaltata;Verticale ed orizzontale;Sereno;Intenso;Buona;Sufficiente;1;0;0;2;12,47873;41,87241;-1;1;Autovettura privata;In marcia / fermata / arresto;Passeggero;M;Illeso;0;;;
2742351;11;20/03/2016 18:00;Strada Urbana;VIA DEL PORTO FLUVIALE;all'intersezione semaforizzata con;VIA DELLE CONCE;VIA DELLE CONCE;;;Scontro laterale fra veicoli in marcia;Intersezione semaforizzata;Due carreggiate;Asciutto;Asfaltata;Verticale ed orizzontale;Sereno;Intenso;Buona;Sufficiente;1;0;0;2;12,47873;41,87241;-1;2;Motociclo a solo;In marcia / fermata / arresto;Conducente;M;Rimandato;0;NON DECEDUTO;;
2742352;5;18/03/2016 11:50;Strada Urbana;VIA TIBURTINA;all'intersezione con;VIA DELLE CAVE DI PIETRALATA;VIA DELLE CAVE DI PIETRALATA;;;Scontro laterale fra veicoli in marcia;Incrocio;Due carreggiate;Asciutto;Asfaltata;Verticale ed orizzontale;Sereno;Intenso;Buona;Ore Diurne;0;0;0;4;12,53654;41,90846;-1;1;Autovettura privata;In marcia / fermata / arresto;Conducente;F;Illeso;0;;Non accertato;Inesploso
2742352;5;18/03/2016 11:50;Strada Urbana;VIA TIBURTINA;all'intersezione con;VIA DELLE CAVE DI PIETRALATA;VIA DELLE CAVE DI PIETRALATA;;;Scontro laterale fra veicoli in marcia;Incrocio;Due carreggiate;Asciutto;Asfaltata;Verticale ed orizzontale;Sereno;Intenso;Buona;Ore Diurne;0;0;0;4;12,53654;41,90846;-1;1;Autovettura privata;In marcia / fermata / arresto;Passeggero;M;Illeso;0;;Non accertato;Inesploso